[

  {"pk": 1, "model": "colissimo.region", "fields": {"name": "France - Monaco - Andore"}} ,
  {"pk": 2, "model": "colissimo.region", "fields": {"name": "Outre-mer OM1"}} ,
  {"pk": 3, "model": "colissimo.region", "fields": {"name": "Outre-mer OM2"}} ,
  {"pk": 4, "model": "colissimo.region", "fields": {"name": "International Zone A"}} ,
  {"pk": 5, "model": "colissimo.region", "fields": {"name": "International Zone B"}} ,
  {"pk": 6, "model": "colissimo.region", "fields": {"name": "International Zone C"}} ,
  {"pk": 7, "model": "colissimo.region", "fields": {"name": "International Zone D"}} ,
  {"pk": 1, "model": "colissimo.recommanded", "fields": {"price": "23", "level": "R0"}} ,
  {"pk": 2, "model": "colissimo.recommanded", "fields": {"price": "50", "level": "R1"}} ,
  {"pk": 3, "model": "colissimo.recommanded", "fields": {"price": "200", "level": "R2"}} ,
  {"pk": 4, "model": "colissimo.recommanded", "fields": {"price": "400", "level": "R3"}} ,
  {"pk": 5, "model": "colissimo.recommanded", "fields": {"price": "600", "level": "R4"}} ,
  {"pk": 6, "model": "colissimo.recommanded", "fields": {"price": "800", "level": "R5"}} ,
  {"pk": 7, "model": "colissimo.recommanded", "fields": {"price": "23", "level": "ECO"}} ,
  {"pk": 1, "model": "colissimo.rate", "fields": {"tracking": "1", "weight": "0.5", "region": "1", "deposit": "1", "recommanded": "1", "signature": "0", "price": "5.70"}} ,
  {"pk": 2, "model": "colissimo.rate", "fields": {"tracking": "1", "weight": "1", "region": "1", "deposit": "1", "recommanded": "1", "signature": "0", "price": "7.10"}} ,
  {"pk": 3, "model": "colissimo.rate", "fields": {"tracking": "1", "weight": "2", "region": "1", "deposit": "1", "recommanded": "1", "signature": "0", "price": "8.20"}} ,
  {"pk": 4, "model": "colissimo.rate", "fields": {"tracking": "1", "weight": "3", "region": "1", "deposit": "1", "recommanded": "1", "signature": "0", "price": "9.25"}} ,
  {"pk": 5, "model": "colissimo.rate", "fields": {"tracking": "1", "weight": "5", "region": "1", "deposit": "1", "recommanded": "1", "signature": "0", "price": "11.35"}} ,
  {"pk": 6, "model": "colissimo.rate", "fields": {"tracking": "1", "weight": "7", "region": "1", "deposit": "1", "recommanded": "1", "signature": "0", "price": "13.35"}} ,
  {"pk": 7, "model": "colissimo.rate", "fields": {"tracking": "1", "weight": "10", "region": "1", "deposit": "1", "recommanded": "1", "signature": "0", "price": "16.35"}} ,
  {"pk": 8, "model": "colissimo.rate", "fields": {"tracking": "1", "weight": "15", "region": "1", "deposit": "1", "recommanded": "1", "signature": "0", "price": "18.85"}} ,
  {"pk": 9, "model": "colissimo.rate", "fields": {"tracking": "1", "weight": "30", "region": "1", "deposit": "1", "recommanded": "1", "signature": "0", "price": "26.35"}} ,
  {"pk": 10, "model": "colissimo.rate", "fields": {"tracking": "1", "weight": "0.5", "region": "1", "deposit": "1", "recommanded": "2", "signature": "1", "price": "8.20"}} ,
  {"pk": 11, "model": "colissimo.rate", "fields": {"tracking": "1", "weight": "1", "region": "1", "deposit": "1", "recommanded": "2", "signature": "1", "price": "9.60"}} ,
  {"pk": 12, "model": "colissimo.rate", "fields": {"tracking": "1", "weight": "2", "region": "1", "deposit": "1", "recommanded": "2", "signature": "1", "price": "10.70"}} ,
  {"pk": 13, "model": "colissimo.rate", "fields": {"tracking": "1", "weight": "3", "region": "1", "deposit": "1", "recommanded": "2", "signature": "1", "price": "11.75"}} ,
  {"pk": 14, "model": "colissimo.rate", "fields": {"tracking": "1", "weight": "5", "region": "1", "deposit": "1", "recommanded": "2", "signature": "1", "price": "13.85"}} ,
  {"pk": 15, "model": "colissimo.rate", "fields": {"tracking": "1", "weight": "7", "region": "1", "deposit": "1", "recommanded": "2", "signature": "1", "price": "15.85"}} ,
  {"pk": 16, "model": "colissimo.rate", "fields": {"tracking": "1", "weight": "10", "region": "1", "deposit": "1", "recommanded": "2", "signature": "1", "price": "18.85"}} ,
  {"pk": 17, "model": "colissimo.rate", "fields": {"tracking": "1", "weight": "15", "region": "1", "deposit": "1", "recommanded": "2", "signature": "1", "price": "21.35"}} ,
  {"pk": 18, "model": "colissimo.rate", "fields": {"tracking": "1", "weight": "30", "region": "1", "deposit": "1", "recommanded": "2", "signature": "1", "price": "28.85"}} ,
  {"pk": 19, "model": "colissimo.rate", "fields": {"tracking": "1", "weight": "0.5", "region": "1", "deposit": "1", "recommanded": "3", "signature": "1", "price": "9.10"}} ,
  {"pk": 20, "model": "colissimo.rate", "fields": {"tracking": "1", "weight": "1", "region": "1", "deposit": "1", "recommanded": "3", "signature": "1", "price": "10.50"}} ,
  {"pk": 21, "model": "colissimo.rate", "fields": {"tracking": "1", "weight": "2", "region": "1", "deposit": "1", "recommanded": "3", "signature": "1", "price": "11.60"}} ,
  {"pk": 22, "model": "colissimo.rate", "fields": {"tracking": "1", "weight": "3", "region": "1", "deposit": "1", "recommanded": "3", "signature": "1", "price": "12.65"}} ,
  {"pk": 23, "model": "colissimo.rate", "fields": {"tracking": "1", "weight": "5", "region": "1", "deposit": "1", "recommanded": "3", "signature": "1", "price": "14.75"}} ,
  {"pk": 24, "model": "colissimo.rate", "fields": {"tracking": "1", "weight": "7", "region": "1", "deposit": "1", "recommanded": "3", "signature": "1", "price": "16.75"}} ,
  {"pk": 25, "model": "colissimo.rate", "fields": {"tracking": "1", "weight": "10", "region": "1", "deposit": "1", "recommanded": "3", "signature": "1", "price": "19.75"}} ,
  {"pk": 26, "model": "colissimo.rate", "fields": {"tracking": "1", "weight": "15", "region": "1", "deposit": "1", "recommanded": "3", "signature": "1", "price": "22.25"}} ,
  {"pk": 27, "model": "colissimo.rate", "fields": {"tracking": "1", "weight": "30", "region": "1", "deposit": "1", "recommanded": "3", "signature": "1", "price": "29.75"}} ,
  {"pk": 28, "model": "colissimo.rate", "fields": {"tracking": "1", "weight": "0.5", "region": "1", "deposit": "1", "recommanded": "4", "signature": "1", "price": "10.30"}} ,
  {"pk": 29, "model": "colissimo.rate", "fields": {"tracking": "1", "weight": "1", "region": "1", "deposit": "1", "recommanded": "4", "signature": "1", "price": "11.70"}} ,
  {"pk": 30, "model": "colissimo.rate", "fields": {"tracking": "1", "weight": "2", "region": "1", "deposit": "1", "recommanded": "4", "signature": "1", "price": "12.80"}} ,
  {"pk": 31, "model": "colissimo.rate", "fields": {"tracking": "1", "weight": "3", "region": "1", "deposit": "1", "recommanded": "4", "signature": "1", "price": "13.85"}} ,
  {"pk": 32, "model": "colissimo.rate", "fields": {"tracking": "1", "weight": "5", "region": "1", "deposit": "1", "recommanded": "4", "signature": "1", "price": "15.95"}} ,
  {"pk": 33, "model": "colissimo.rate", "fields": {"tracking": "1", "weight": "7", "region": "1", "deposit": "1", "recommanded": "4", "signature": "1", "price": "17.95"}} ,
  {"pk": 34, "model": "colissimo.rate", "fields": {"tracking": "1", "weight": "10", "region": "1", "deposit": "1", "recommanded": "4", "signature": "1", "price": "20.95"}} ,
  {"pk": 35, "model": "colissimo.rate", "fields": {"tracking": "1", "weight": "15", "region": "1", "deposit": "1", "recommanded": "4", "signature": "1", "price": "23.45"}} ,
  {"pk": 36, "model": "colissimo.rate", "fields": {"tracking": "1", "weight": "30", "region": "1", "deposit": "1", "recommanded": "4", "signature": "1", "price": "30.95"}} ,
  {"pk": 37, "model": "colissimo.rate", "fields": {"tracking": "1", "weight": "0.5", "region": "1", "deposit": "1", "recommanded": "5", "signature": "1", "price": "11.50"}} ,
  {"pk": 38, "model": "colissimo.rate", "fields": {"tracking": "1", "weight": "1", "region": "1", "deposit": "1", "recommanded": "5", "signature": "1", "price": "12.90"}} ,
  {"pk": 39, "model": "colissimo.rate", "fields": {"tracking": "1", "weight": "2", "region": "1", "deposit": "1", "recommanded": "5", "signature": "1", "price": "14.00"}} ,
  {"pk": 40, "model": "colissimo.rate", "fields": {"tracking": "1", "weight": "3", "region": "1", "deposit": "1", "recommanded": "5", "signature": "1", "price": "15.05"}} ,
  {"pk": 41, "model": "colissimo.rate", "fields": {"tracking": "1", "weight": "5", "region": "1", "deposit": "1", "recommanded": "5", "signature": "1", "price": "17.15"}} ,
  {"pk": 42, "model": "colissimo.rate", "fields": {"tracking": "1", "weight": "7", "region": "1", "deposit": "1", "recommanded": "5", "signature": "1", "price": "19.15"}} ,
  {"pk": 43, "model": "colissimo.rate", "fields": {"tracking": "1", "weight": "10", "region": "1", "deposit": "1", "recommanded": "5", "signature": "1", "price": "22.15"}} ,
  {"pk": 44, "model": "colissimo.rate", "fields": {"tracking": "1", "weight": "15", "region": "1", "deposit": "1", "recommanded": "5", "signature": "1", "price": "24.65"}} ,
  {"pk": 45, "model": "colissimo.rate", "fields": {"tracking": "1", "weight": "30", "region": "1", "deposit": "1", "recommanded": "5", "signature": "1", "price": "32.15"}} ,
  {"pk": 46, "model": "colissimo.rate", "fields": {"tracking": "1", "weight": "0.5", "region": "1", "deposit": "1", "recommanded": "6", "signature": "1", "price": "12.70"}} ,
  {"pk": 47, "model": "colissimo.rate", "fields": {"tracking": "1", "weight": "1", "region": "1", "deposit": "1", "recommanded": "6", "signature": "1", "price": "14.10"}} ,
  {"pk": 48, "model": "colissimo.rate", "fields": {"tracking": "1", "weight": "2", "region": "1", "deposit": "1", "recommanded": "6", "signature": "1", "price": "15.20"}} ,
  {"pk": 49, "model": "colissimo.rate", "fields": {"tracking": "1", "weight": "3", "region": "1", "deposit": "1", "recommanded": "6", "signature": "1", "price": "16.25"}} ,
  {"pk": 50, "model": "colissimo.rate", "fields": {"tracking": "1", "weight": "5", "region": "1", "deposit": "1", "recommanded": "6", "signature": "1", "price": "18.35"}} ,
  {"pk": 51, "model": "colissimo.rate", "fields": {"tracking": "1", "weight": "7", "region": "1", "deposit": "1", "recommanded": "6", "signature": "1", "price": "20.35"}} ,
  {"pk": 52, "model": "colissimo.rate", "fields": {"tracking": "1", "weight": "10", "region": "1", "deposit": "1", "recommanded": "6", "signature": "1", "price": "23.35"}} ,
  {"pk": 53, "model": "colissimo.rate", "fields": {"tracking": "1", "weight": "15", "region": "1", "deposit": "1", "recommanded": "6", "signature": "1", "price": "25.85"}} ,
  {"pk": 54, "model": "colissimo.rate", "fields": {"tracking": "1", "weight": "30", "region": "1", "deposit": "1", "recommanded": "6", "signature": "1", "price": "33.35"}} ,
  {"pk": 55, "model": "colissimo.rate", "fields": {"tracking": "0", "weight": "0.5", "region": "2", "deposit": "1", "recommanded": "7", "signature": "0", "price": "7.60"}} ,
  {"pk": 56, "model": "colissimo.rate", "fields": {"tracking": "0", "weight": "1", "region": "2", "deposit": "1", "recommanded": "7", "signature": "0", "price": "9.70"}} ,
  {"pk": 57, "model": "colissimo.rate", "fields": {"tracking": "0", "weight": "2", "region": "2", "deposit": "1", "recommanded": "7", "signature": "0", "price": "11.30"}} ,
  {"pk": 58, "model": "colissimo.rate", "fields": {"tracking": "0", "weight": "3", "region": "2", "deposit": "1", "recommanded": "7", "signature": "0", "price": "12.90"}} ,
  {"pk": 59, "model": "colissimo.rate", "fields": {"tracking": "0", "weight": "4", "region": "2", "deposit": "1", "recommanded": "7", "signature": "0", "price": "14.50"}} ,
  {"pk": 60, "model": "colissimo.rate", "fields": {"tracking": "0", "weight": "5", "region": "2", "deposit": "1", "recommanded": "7", "signature": "0", "price": "16.10"}} ,
  {"pk": 61, "model": "colissimo.rate", "fields": {"tracking": "0", "weight": "6", "region": "2", "deposit": "1", "recommanded": "7", "signature": "0", "price": "17.70"}} ,
  {"pk": 62, "model": "colissimo.rate", "fields": {"tracking": "0", "weight": "7", "region": "2", "deposit": "1", "recommanded": "7", "signature": "0", "price": "19.30"}} ,
  {"pk": 63, "model": "colissimo.rate", "fields": {"tracking": "0", "weight": "8", "region": "2", "deposit": "1", "recommanded": "7", "signature": "0", "price": "20.90"}} ,
  {"pk": 64, "model": "colissimo.rate", "fields": {"tracking": "0", "weight": "9", "region": "2", "deposit": "1", "recommanded": "7", "signature": "0", "price": "22.50"}} ,
  {"pk": 65, "model": "colissimo.rate", "fields": {"tracking": "0", "weight": "10", "region": "2", "deposit": "1", "recommanded": "7", "signature": "0", "price": "24.10"}} ,
  {"pk": 66, "model": "colissimo.rate", "fields": {"tracking": "0", "weight": "15", "region": "2", "deposit": "1", "recommanded": "7", "signature": "0", "price": "32.10"}} ,
  {"pk": 67, "model": "colissimo.rate", "fields": {"tracking": "0", "weight": "20", "region": "2", "deposit": "1", "recommanded": "7", "signature": "0", "price": "40.10"}} ,
  {"pk": 68, "model": "colissimo.rate", "fields": {"tracking": "0", "weight": "25", "region": "2", "deposit": "1", "recommanded": "7", "signature": "0", "price": "48.10"}} ,
  {"pk": 69, "model": "colissimo.rate", "fields": {"tracking": "0", "weight": "30", "region": "2", "deposit": "1", "recommanded": "7", "signature": "0", "price": "56.10"}} ,
  {"pk": 70, "model": "colissimo.rate", "fields": {"tracking": "1", "weight": "0.5", "region": "2", "deposit": "1", "recommanded": "1", "signature": "0", "price": "8.45"}} ,
  {"pk": 71, "model": "colissimo.rate", "fields": {"tracking": "1", "weight": "1", "region": "2", "deposit": "1", "recommanded": "1", "signature": "0", "price": "12.70"}} ,
  {"pk": 72, "model": "colissimo.rate", "fields": {"tracking": "1", "weight": "2", "region": "2", "deposit": "1", "recommanded": "1", "signature": "0", "price": "17.35"}} ,
  {"pk": 73, "model": "colissimo.rate", "fields": {"tracking": "1", "weight": "3", "region": "2", "deposit": "1", "recommanded": "1", "signature": "0", "price": "22.00"}} ,
  {"pk": 74, "model": "colissimo.rate", "fields": {"tracking": "1", "weight": "4", "region": "2", "deposit": "1", "recommanded": "1", "signature": "0", "price": "26.65"}} ,
  {"pk": 75, "model": "colissimo.rate", "fields": {"tracking": "1", "weight": "5", "region": "2", "deposit": "1", "recommanded": "1", "signature": "0", "price": "31.30"}} ,
  {"pk": 76, "model": "colissimo.rate", "fields": {"tracking": "1", "weight": "6", "region": "2", "deposit": "1", "recommanded": "1", "signature": "0", "price": "35.95"}} ,
  {"pk": 77, "model": "colissimo.rate", "fields": {"tracking": "1", "weight": "7", "region": "2", "deposit": "1", "recommanded": "1", "signature": "0", "price": "40.60"}} ,
  {"pk": 78, "model": "colissimo.rate", "fields": {"tracking": "1", "weight": "8", "region": "2", "deposit": "1", "recommanded": "1", "signature": "0", "price": "45.25"}} ,
  {"pk": 79, "model": "colissimo.rate", "fields": {"tracking": "1", "weight": "9", "region": "2", "deposit": "1", "recommanded": "1", "signature": "0", "price": "49.90"}} ,
  {"pk": 80, "model": "colissimo.rate", "fields": {"tracking": "1", "weight": "10", "region": "2", "deposit": "1", "recommanded": "1", "signature": "0", "price": "54.55"}} ,
  {"pk": 81, "model": "colissimo.rate", "fields": {"tracking": "1", "weight": "15", "region": "2", "deposit": "1", "recommanded": "1", "signature": "0", "price": "77.75"}} ,
  {"pk": 82, "model": "colissimo.rate", "fields": {"tracking": "1", "weight": "20", "region": "2", "deposit": "1", "recommanded": "1", "signature": "0", "price": "100.95"}} ,
  {"pk": 83, "model": "colissimo.rate", "fields": {"tracking": "1", "weight": "25", "region": "2", "deposit": "1", "recommanded": "1", "signature": "0", "price": "124.15"}} ,
  {"pk": 84, "model": "colissimo.rate", "fields": {"tracking": "1", "weight": "30", "region": "2", "deposit": "1", "recommanded": "1", "signature": "0", "price": "147.35"}} ,
  {"pk": 85, "model": "colissimo.rate", "fields": {"tracking": "1", "weight": "0.5", "region": "2", "deposit": "1", "recommanded": "2", "signature": "1", "price": "10.95"}} ,
  {"pk": 86, "model": "colissimo.rate", "fields": {"tracking": "1", "weight": "1", "region": "2", "deposit": "1", "recommanded": "2", "signature": "1", "price": "15.20"}} ,
  {"pk": 87, "model": "colissimo.rate", "fields": {"tracking": "1", "weight": "2", "region": "2", "deposit": "1", "recommanded": "2", "signature": "1", "price": "19.85"}} ,
  {"pk": 88, "model": "colissimo.rate", "fields": {"tracking": "1", "weight": "3", "region": "2", "deposit": "1", "recommanded": "2", "signature": "1", "price": "24.50"}} ,
  {"pk": 89, "model": "colissimo.rate", "fields": {"tracking": "1", "weight": "4", "region": "2", "deposit": "1", "recommanded": "2", "signature": "1", "price": "29.15"}} ,
  {"pk": 90, "model": "colissimo.rate", "fields": {"tracking": "1", "weight": "5", "region": "2", "deposit": "1", "recommanded": "2", "signature": "1", "price": "33.80"}} ,
  {"pk": 91, "model": "colissimo.rate", "fields": {"tracking": "1", "weight": "6", "region": "2", "deposit": "1", "recommanded": "2", "signature": "1", "price": "38.45"}} ,
  {"pk": 92, "model": "colissimo.rate", "fields": {"tracking": "1", "weight": "7", "region": "2", "deposit": "1", "recommanded": "2", "signature": "1", "price": "43.10"}} ,
  {"pk": 93, "model": "colissimo.rate", "fields": {"tracking": "1", "weight": "8", "region": "2", "deposit": "1", "recommanded": "2", "signature": "1", "price": "47.75"}} ,
  {"pk": 94, "model": "colissimo.rate", "fields": {"tracking": "1", "weight": "9", "region": "2", "deposit": "1", "recommanded": "2", "signature": "1", "price": "52.40"}} ,
  {"pk": 95, "model": "colissimo.rate", "fields": {"tracking": "1", "weight": "10", "region": "2", "deposit": "1", "recommanded": "2", "signature": "1", "price": "57.05"}} ,
  {"pk": 96, "model": "colissimo.rate", "fields": {"tracking": "1", "weight": "15", "region": "2", "deposit": "1", "recommanded": "2", "signature": "1", "price": "80.25"}} ,
  {"pk": 97, "model": "colissimo.rate", "fields": {"tracking": "1", "weight": "20", "region": "2", "deposit": "1", "recommanded": "2", "signature": "1", "price": "103.45"}} ,
  {"pk": 98, "model": "colissimo.rate", "fields": {"tracking": "1", "weight": "25", "region": "2", "deposit": "1", "recommanded": "2", "signature": "1", "price": "126.65"}} ,
  {"pk": 99, "model": "colissimo.rate", "fields": {"tracking": "1", "weight": "30", "region": "2", "deposit": "1", "recommanded": "2", "signature": "1", "price": "149.85"}} ,
  {"pk": 100, "model": "colissimo.rate", "fields": {"tracking": "1", "weight": "0.5", "region": "2", "deposit": "1", "recommanded": "3", "signature": "1", "price": "11.85"}} ,
  {"pk": 101, "model": "colissimo.rate", "fields": {"tracking": "1", "weight": "1", "region": "2", "deposit": "1", "recommanded": "3", "signature": "1", "price": "16.10"}} ,
  {"pk": 102, "model": "colissimo.rate", "fields": {"tracking": "1", "weight": "2", "region": "2", "deposit": "1", "recommanded": "3", "signature": "1", "price": "20.75"}} ,
  {"pk": 103, "model": "colissimo.rate", "fields": {"tracking": "1", "weight": "3", "region": "2", "deposit": "1", "recommanded": "3", "signature": "1", "price": "25.40"}} ,
  {"pk": 104, "model": "colissimo.rate", "fields": {"tracking": "1", "weight": "4", "region": "2", "deposit": "1", "recommanded": "3", "signature": "1", "price": "30.05"}} ,
  {"pk": 105, "model": "colissimo.rate", "fields": {"tracking": "1", "weight": "5", "region": "2", "deposit": "1", "recommanded": "3", "signature": "1", "price": "34.70"}} ,
  {"pk": 106, "model": "colissimo.rate", "fields": {"tracking": "1", "weight": "6", "region": "2", "deposit": "1", "recommanded": "3", "signature": "1", "price": "39.35"}} ,
  {"pk": 107, "model": "colissimo.rate", "fields": {"tracking": "1", "weight": "7", "region": "2", "deposit": "1", "recommanded": "3", "signature": "1", "price": "44.00"}} ,
  {"pk": 108, "model": "colissimo.rate", "fields": {"tracking": "1", "weight": "8", "region": "2", "deposit": "1", "recommanded": "3", "signature": "1", "price": "48.65"}} ,
  {"pk": 109, "model": "colissimo.rate", "fields": {"tracking": "1", "weight": "9", "region": "2", "deposit": "1", "recommanded": "3", "signature": "1", "price": "53.30"}} ,
  {"pk": 110, "model": "colissimo.rate", "fields": {"tracking": "1", "weight": "10", "region": "2", "deposit": "1", "recommanded": "3", "signature": "1", "price": "57.95"}} ,
  {"pk": 111, "model": "colissimo.rate", "fields": {"tracking": "1", "weight": "15", "region": "2", "deposit": "1", "recommanded": "3", "signature": "1", "price": "81.15"}} ,
  {"pk": 112, "model": "colissimo.rate", "fields": {"tracking": "1", "weight": "20", "region": "2", "deposit": "1", "recommanded": "3", "signature": "1", "price": "104.35"}} ,
  {"pk": 113, "model": "colissimo.rate", "fields": {"tracking": "1", "weight": "25", "region": "2", "deposit": "1", "recommanded": "3", "signature": "1", "price": "127.55"}} ,
  {"pk": 114, "model": "colissimo.rate", "fields": {"tracking": "1", "weight": "30", "region": "2", "deposit": "1", "recommanded": "3", "signature": "1", "price": "150.75"}} ,
  {"pk": 115, "model": "colissimo.rate", "fields": {"tracking": "1", "weight": "0.5", "region": "2", "deposit": "1", "recommanded": "4", "signature": "1", "price": "13.05"}} ,
  {"pk": 116, "model": "colissimo.rate", "fields": {"tracking": "1", "weight": "1", "region": "2", "deposit": "1", "recommanded": "4", "signature": "1", "price": "17.30"}} ,
  {"pk": 117, "model": "colissimo.rate", "fields": {"tracking": "1", "weight": "2", "region": "2", "deposit": "1", "recommanded": "4", "signature": "1", "price": "21.95"}} ,
  {"pk": 118, "model": "colissimo.rate", "fields": {"tracking": "1", "weight": "3", "region": "2", "deposit": "1", "recommanded": "4", "signature": "1", "price": "26.60"}} ,
  {"pk": 119, "model": "colissimo.rate", "fields": {"tracking": "1", "weight": "4", "region": "2", "deposit": "1", "recommanded": "4", "signature": "1", "price": "31.25"}} ,
  {"pk": 120, "model": "colissimo.rate", "fields": {"tracking": "1", "weight": "5", "region": "2", "deposit": "1", "recommanded": "4", "signature": "1", "price": "35.90"}} ,
  {"pk": 121, "model": "colissimo.rate", "fields": {"tracking": "1", "weight": "6", "region": "2", "deposit": "1", "recommanded": "4", "signature": "1", "price": "40.55"}} ,
  {"pk": 122, "model": "colissimo.rate", "fields": {"tracking": "1", "weight": "7", "region": "2", "deposit": "1", "recommanded": "4", "signature": "1", "price": "45.20"}} ,
  {"pk": 123, "model": "colissimo.rate", "fields": {"tracking": "1", "weight": "8", "region": "2", "deposit": "1", "recommanded": "4", "signature": "1", "price": "49.85"}} ,
  {"pk": 124, "model": "colissimo.rate", "fields": {"tracking": "1", "weight": "9", "region": "2", "deposit": "1", "recommanded": "4", "signature": "1", "price": "54.50"}} ,
  {"pk": 125, "model": "colissimo.rate", "fields": {"tracking": "1", "weight": "10", "region": "2", "deposit": "1", "recommanded": "4", "signature": "1", "price": "59.15"}} ,
  {"pk": 126, "model": "colissimo.rate", "fields": {"tracking": "1", "weight": "15", "region": "2", "deposit": "1", "recommanded": "4", "signature": "1", "price": "82.35"}} ,
  {"pk": 127, "model": "colissimo.rate", "fields": {"tracking": "1", "weight": "20", "region": "2", "deposit": "1", "recommanded": "4", "signature": "1", "price": "105.55"}} ,
  {"pk": 128, "model": "colissimo.rate", "fields": {"tracking": "1", "weight": "25", "region": "2", "deposit": "1", "recommanded": "4", "signature": "1", "price": "128.75"}} ,
  {"pk": 129, "model": "colissimo.rate", "fields": {"tracking": "1", "weight": "30", "region": "2", "deposit": "1", "recommanded": "4", "signature": "1", "price": "151.95"}} ,
  {"pk": 130, "model": "colissimo.rate", "fields": {"tracking": "1", "weight": "0.5", "region": "2", "deposit": "1", "recommanded": "5", "signature": "1", "price": "14.25"}} ,
  {"pk": 131, "model": "colissimo.rate", "fields": {"tracking": "1", "weight": "1", "region": "2", "deposit": "1", "recommanded": "5", "signature": "1", "price": "18.50"}} ,
  {"pk": 132, "model": "colissimo.rate", "fields": {"tracking": "1", "weight": "2", "region": "2", "deposit": "1", "recommanded": "5", "signature": "1", "price": "23.15"}} ,
  {"pk": 133, "model": "colissimo.rate", "fields": {"tracking": "1", "weight": "3", "region": "2", "deposit": "1", "recommanded": "5", "signature": "1", "price": "27.80"}} ,
  {"pk": 134, "model": "colissimo.rate", "fields": {"tracking": "1", "weight": "4", "region": "2", "deposit": "1", "recommanded": "5", "signature": "1", "price": "32.45"}} ,
  {"pk": 135, "model": "colissimo.rate", "fields": {"tracking": "1", "weight": "5", "region": "2", "deposit": "1", "recommanded": "5", "signature": "1", "price": "37.10"}} ,
  {"pk": 136, "model": "colissimo.rate", "fields": {"tracking": "1", "weight": "6", "region": "2", "deposit": "1", "recommanded": "5", "signature": "1", "price": "41.75"}} ,
  {"pk": 137, "model": "colissimo.rate", "fields": {"tracking": "1", "weight": "7", "region": "2", "deposit": "1", "recommanded": "5", "signature": "1", "price": "46.40"}} ,
  {"pk": 138, "model": "colissimo.rate", "fields": {"tracking": "1", "weight": "8", "region": "2", "deposit": "1", "recommanded": "5", "signature": "1", "price": "51.05"}} ,
  {"pk": 139, "model": "colissimo.rate", "fields": {"tracking": "1", "weight": "9", "region": "2", "deposit": "1", "recommanded": "5", "signature": "1", "price": "55.70"}} ,
  {"pk": 140, "model": "colissimo.rate", "fields": {"tracking": "1", "weight": "10", "region": "2", "deposit": "1", "recommanded": "5", "signature": "1", "price": "60.35"}} ,
  {"pk": 141, "model": "colissimo.rate", "fields": {"tracking": "1", "weight": "15", "region": "2", "deposit": "1", "recommanded": "5", "signature": "1", "price": "83.55"}} ,
  {"pk": 142, "model": "colissimo.rate", "fields": {"tracking": "1", "weight": "20", "region": "2", "deposit": "1", "recommanded": "5", "signature": "1", "price": "106.75"}} ,
  {"pk": 143, "model": "colissimo.rate", "fields": {"tracking": "1", "weight": "25", "region": "2", "deposit": "1", "recommanded": "5", "signature": "1", "price": "129.95"}} ,
  {"pk": 144, "model": "colissimo.rate", "fields": {"tracking": "1", "weight": "30", "region": "2", "deposit": "1", "recommanded": "5", "signature": "1", "price": "153.15"}} ,
  {"pk": 145, "model": "colissimo.rate", "fields": {"tracking": "1", "weight": "0.5", "region": "2", "deposit": "1", "recommanded": "6", "signature": "1", "price": "15.45"}} ,
  {"pk": 146, "model": "colissimo.rate", "fields": {"tracking": "1", "weight": "1", "region": "2", "deposit": "1", "recommanded": "6", "signature": "1", "price": "19.70"}} ,
  {"pk": 147, "model": "colissimo.rate", "fields": {"tracking": "1", "weight": "2", "region": "2", "deposit": "1", "recommanded": "6", "signature": "1", "price": "24.35"}} ,
  {"pk": 148, "model": "colissimo.rate", "fields": {"tracking": "1", "weight": "3", "region": "2", "deposit": "1", "recommanded": "6", "signature": "1", "price": "29.00"}} ,
  {"pk": 149, "model": "colissimo.rate", "fields": {"tracking": "1", "weight": "4", "region": "2", "deposit": "1", "recommanded": "6", "signature": "1", "price": "33.65"}} ,
  {"pk": 150, "model": "colissimo.rate", "fields": {"tracking": "1", "weight": "5", "region": "2", "deposit": "1", "recommanded": "6", "signature": "1", "price": "38.30"}} ,
  {"pk": 151, "model": "colissimo.rate", "fields": {"tracking": "1", "weight": "6", "region": "2", "deposit": "1", "recommanded": "6", "signature": "1", "price": "42.95"}} ,
  {"pk": 152, "model": "colissimo.rate", "fields": {"tracking": "1", "weight": "7", "region": "2", "deposit": "1", "recommanded": "6", "signature": "1", "price": "47.60"}} ,
  {"pk": 153, "model": "colissimo.rate", "fields": {"tracking": "1", "weight": "8", "region": "2", "deposit": "1", "recommanded": "6", "signature": "1", "price": "52.25"}} ,
  {"pk": 154, "model": "colissimo.rate", "fields": {"tracking": "1", "weight": "9", "region": "2", "deposit": "1", "recommanded": "6", "signature": "1", "price": "56.90"}} ,
  {"pk": 155, "model": "colissimo.rate", "fields": {"tracking": "1", "weight": "10", "region": "2", "deposit": "1", "recommanded": "6", "signature": "1", "price": "61.55"}} ,
  {"pk": 156, "model": "colissimo.rate", "fields": {"tracking": "1", "weight": "15", "region": "2", "deposit": "1", "recommanded": "6", "signature": "1", "price": "84.75"}} ,
  {"pk": 157, "model": "colissimo.rate", "fields": {"tracking": "1", "weight": "20", "region": "2", "deposit": "1", "recommanded": "6", "signature": "1", "price": "107.95"}} ,
  {"pk": 158, "model": "colissimo.rate", "fields": {"tracking": "1", "weight": "25", "region": "2", "deposit": "1", "recommanded": "6", "signature": "1", "price": "131.15"}} ,
  {"pk": 159, "model": "colissimo.rate", "fields": {"tracking": "1", "weight": "30", "region": "2", "deposit": "1", "recommanded": "6", "signature": "1", "price": "154.35"}} ,
  {"pk": 160, "model": "colissimo.rate", "fields": {"tracking": "0", "weight": "0.5", "region": "3", "deposit": "1", "recommanded": "7", "signature": "0", "price": "9.95"}} ,
  {"pk": 161, "model": "colissimo.rate", "fields": {"tracking": "0", "weight": "1", "region": "3", "deposit": "1", "recommanded": "7", "signature": "0", "price": "12.95"}} ,
  {"pk": 162, "model": "colissimo.rate", "fields": {"tracking": "0", "weight": "2", "region": "3", "deposit": "1", "recommanded": "7", "signature": "0", "price": "22.55"}} ,
  {"pk": 163, "model": "colissimo.rate", "fields": {"tracking": "0", "weight": "3", "region": "3", "deposit": "1", "recommanded": "7", "signature": "0", "price": "32.15"}} ,
  {"pk": 164, "model": "colissimo.rate", "fields": {"tracking": "0", "weight": "4", "region": "3", "deposit": "1", "recommanded": "7", "signature": "0", "price": "41.75"}} ,
  {"pk": 165, "model": "colissimo.rate", "fields": {"tracking": "0", "weight": "5", "region": "3", "deposit": "1", "recommanded": "7", "signature": "0", "price": "51.35"}} ,
  {"pk": 166, "model": "colissimo.rate", "fields": {"tracking": "0", "weight": "6", "region": "3", "deposit": "1", "recommanded": "7", "signature": "0", "price": "60.95"}} ,
  {"pk": 167, "model": "colissimo.rate", "fields": {"tracking": "0", "weight": "7", "region": "3", "deposit": "1", "recommanded": "7", "signature": "0", "price": "70.55"}} ,
  {"pk": 168, "model": "colissimo.rate", "fields": {"tracking": "0", "weight": "8", "region": "3", "deposit": "1", "recommanded": "7", "signature": "0", "price": "80.15"}} ,
  {"pk": 169, "model": "colissimo.rate", "fields": {"tracking": "0", "weight": "9", "region": "3", "deposit": "1", "recommanded": "7", "signature": "0", "price": "89.75"}} ,
  {"pk": 170, "model": "colissimo.rate", "fields": {"tracking": "0", "weight": "10", "region": "3", "deposit": "1", "recommanded": "7", "signature": "0", "price": "99.35"}} ,
  {"pk": 171, "model": "colissimo.rate", "fields": {"tracking": "0", "weight": "15", "region": "3", "deposit": "1", "recommanded": "7", "signature": "0", "price": "147.35"}} ,
  {"pk": 172, "model": "colissimo.rate", "fields": {"tracking": "0", "weight": "20", "region": "3", "deposit": "1", "recommanded": "7", "signature": "0", "price": "195.35"}} ,
  {"pk": 173, "model": "colissimo.rate", "fields": {"tracking": "0", "weight": "25", "region": "3", "deposit": "1", "recommanded": "7", "signature": "0", "price": "243.35"}} ,
  {"pk": 174, "model": "colissimo.rate", "fields": {"tracking": "0", "weight": "30", "region": "3", "deposit": "1", "recommanded": "7", "signature": "0", "price": "291.35"}} ,
  {"pk": 175, "model": "colissimo.rate", "fields": {"tracking": "1", "weight": "0.5", "region": "3", "deposit": "1", "recommanded": "1", "signature": "0", "price": "10.10"}} ,
  {"pk": 176, "model": "colissimo.rate", "fields": {"tracking": "1", "weight": "1", "region": "3", "deposit": "1", "recommanded": "1", "signature": "0", "price": "15.20"}} ,
  {"pk": 177, "model": "colissimo.rate", "fields": {"tracking": "1", "weight": "2", "region": "3", "deposit": "1", "recommanded": "1", "signature": "0", "price": "26.80"}} ,
  {"pk": 178, "model": "colissimo.rate", "fields": {"tracking": "1", "weight": "3", "region": "3", "deposit": "1", "recommanded": "1", "signature": "0", "price": "38.40"}} ,
  {"pk": 179, "model": "colissimo.rate", "fields": {"tracking": "1", "weight": "4", "region": "3", "deposit": "1", "recommanded": "1", "signature": "0", "price": "50.00"}} ,
  {"pk": 180, "model": "colissimo.rate", "fields": {"tracking": "1", "weight": "5", "region": "3", "deposit": "1", "recommanded": "1", "signature": "0", "price": "61.60"}} ,
  {"pk": 181, "model": "colissimo.rate", "fields": {"tracking": "1", "weight": "6", "region": "3", "deposit": "1", "recommanded": "1", "signature": "0", "price": "73.20"}} ,
  {"pk": 182, "model": "colissimo.rate", "fields": {"tracking": "1", "weight": "7", "region": "3", "deposit": "1", "recommanded": "1", "signature": "0", "price": "84.80"}} ,
  {"pk": 183, "model": "colissimo.rate", "fields": {"tracking": "1", "weight": "8", "region": "3", "deposit": "1", "recommanded": "1", "signature": "0", "price": "96.40"}} ,
  {"pk": 184, "model": "colissimo.rate", "fields": {"tracking": "1", "weight": "9", "region": "3", "deposit": "1", "recommanded": "1", "signature": "0", "price": "108.00"}} ,
  {"pk": 185, "model": "colissimo.rate", "fields": {"tracking": "1", "weight": "10", "region": "3", "deposit": "1", "recommanded": "1", "signature": "0", "price": "119.60"}} ,
  {"pk": 186, "model": "colissimo.rate", "fields": {"tracking": "1", "weight": "15", "region": "3", "deposit": "1", "recommanded": "1", "signature": "0", "price": "177.60"}} ,
  {"pk": 187, "model": "colissimo.rate", "fields": {"tracking": "1", "weight": "20", "region": "3", "deposit": "1", "recommanded": "1", "signature": "0", "price": "235.60"}} ,
  {"pk": 188, "model": "colissimo.rate", "fields": {"tracking": "1", "weight": "25", "region": "3", "deposit": "1", "recommanded": "1", "signature": "0", "price": "293.60"}} ,
  {"pk": 189, "model": "colissimo.rate", "fields": {"tracking": "1", "weight": "30", "region": "3", "deposit": "1", "recommanded": "1", "signature": "0", "price": "351.60"}} ,
  {"pk": 190, "model": "colissimo.rate", "fields": {"tracking": "1", "weight": "0.5", "region": "3", "deposit": "1", "recommanded": "2", "signature": "1", "price": "12.60"}} ,
  {"pk": 191, "model": "colissimo.rate", "fields": {"tracking": "1", "weight": "1", "region": "3", "deposit": "1", "recommanded": "2", "signature": "1", "price": "17.70"}} ,
  {"pk": 192, "model": "colissimo.rate", "fields": {"tracking": "1", "weight": "2", "region": "3", "deposit": "1", "recommanded": "2", "signature": "1", "price": "29.30"}} ,
  {"pk": 193, "model": "colissimo.rate", "fields": {"tracking": "1", "weight": "3", "region": "3", "deposit": "1", "recommanded": "2", "signature": "1", "price": "40.90"}} ,
  {"pk": 194, "model": "colissimo.rate", "fields": {"tracking": "1", "weight": "4", "region": "3", "deposit": "1", "recommanded": "2", "signature": "1", "price": "52.50"}} ,
  {"pk": 195, "model": "colissimo.rate", "fields": {"tracking": "1", "weight": "5", "region": "3", "deposit": "1", "recommanded": "2", "signature": "1", "price": "64.10"}} ,
  {"pk": 196, "model": "colissimo.rate", "fields": {"tracking": "1", "weight": "6", "region": "3", "deposit": "1", "recommanded": "2", "signature": "1", "price": "75.70"}} ,
  {"pk": 197, "model": "colissimo.rate", "fields": {"tracking": "1", "weight": "7", "region": "3", "deposit": "1", "recommanded": "2", "signature": "1", "price": "87.30"}} ,
  {"pk": 198, "model": "colissimo.rate", "fields": {"tracking": "1", "weight": "8", "region": "3", "deposit": "1", "recommanded": "2", "signature": "1", "price": "98.90"}} ,
  {"pk": 199, "model": "colissimo.rate", "fields": {"tracking": "1", "weight": "9", "region": "3", "deposit": "1", "recommanded": "2", "signature": "1", "price": "110.50"}} ,
  {"pk": 200, "model": "colissimo.rate", "fields": {"tracking": "1", "weight": "10", "region": "3", "deposit": "1", "recommanded": "2", "signature": "1", "price": "122.10"}} ,
  {"pk": 201, "model": "colissimo.rate", "fields": {"tracking": "1", "weight": "15", "region": "3", "deposit": "1", "recommanded": "2", "signature": "1", "price": "180.10"}} ,
  {"pk": 202, "model": "colissimo.rate", "fields": {"tracking": "1", "weight": "20", "region": "3", "deposit": "1", "recommanded": "2", "signature": "1", "price": "238.10"}} ,
  {"pk": 203, "model": "colissimo.rate", "fields": {"tracking": "1", "weight": "25", "region": "3", "deposit": "1", "recommanded": "2", "signature": "1", "price": "296.10"}} ,
  {"pk": 204, "model": "colissimo.rate", "fields": {"tracking": "1", "weight": "30", "region": "3", "deposit": "1", "recommanded": "2", "signature": "1", "price": "354.10"}} ,
  {"pk": 205, "model": "colissimo.rate", "fields": {"tracking": "1", "weight": "0.5", "region": "3", "deposit": "1", "recommanded": "3", "signature": "1", "price": "13.50"}} ,
  {"pk": 206, "model": "colissimo.rate", "fields": {"tracking": "1", "weight": "1", "region": "3", "deposit": "1", "recommanded": "3", "signature": "1", "price": "18.60"}} ,
  {"pk": 207, "model": "colissimo.rate", "fields": {"tracking": "1", "weight": "2", "region": "3", "deposit": "1", "recommanded": "3", "signature": "1", "price": "30.20"}} ,
  {"pk": 208, "model": "colissimo.rate", "fields": {"tracking": "1", "weight": "3", "region": "3", "deposit": "1", "recommanded": "3", "signature": "1", "price": "41.80"}} ,
  {"pk": 209, "model": "colissimo.rate", "fields": {"tracking": "1", "weight": "4", "region": "3", "deposit": "1", "recommanded": "3", "signature": "1", "price": "53.40"}} ,
  {"pk": 210, "model": "colissimo.rate", "fields": {"tracking": "1", "weight": "5", "region": "3", "deposit": "1", "recommanded": "3", "signature": "1", "price": "65.00"}} ,
  {"pk": 211, "model": "colissimo.rate", "fields": {"tracking": "1", "weight": "6", "region": "3", "deposit": "1", "recommanded": "3", "signature": "1", "price": "76.60"}} ,
  {"pk": 212, "model": "colissimo.rate", "fields": {"tracking": "1", "weight": "7", "region": "3", "deposit": "1", "recommanded": "3", "signature": "1", "price": "88.20"}} ,
  {"pk": 213, "model": "colissimo.rate", "fields": {"tracking": "1", "weight": "8", "region": "3", "deposit": "1", "recommanded": "3", "signature": "1", "price": "99.80"}} ,
  {"pk": 214, "model": "colissimo.rate", "fields": {"tracking": "1", "weight": "9", "region": "3", "deposit": "1", "recommanded": "3", "signature": "1", "price": "111.40"}} ,
  {"pk": 215, "model": "colissimo.rate", "fields": {"tracking": "1", "weight": "10", "region": "3", "deposit": "1", "recommanded": "3", "signature": "1", "price": "123.00"}} ,
  {"pk": 216, "model": "colissimo.rate", "fields": {"tracking": "1", "weight": "15", "region": "3", "deposit": "1", "recommanded": "3", "signature": "1", "price": "181.00"}} ,
  {"pk": 217, "model": "colissimo.rate", "fields": {"tracking": "1", "weight": "20", "region": "3", "deposit": "1", "recommanded": "3", "signature": "1", "price": "239.00"}} ,
  {"pk": 218, "model": "colissimo.rate", "fields": {"tracking": "1", "weight": "25", "region": "3", "deposit": "1", "recommanded": "3", "signature": "1", "price": "297.00"}} ,
  {"pk": 219, "model": "colissimo.rate", "fields": {"tracking": "1", "weight": "30", "region": "3", "deposit": "1", "recommanded": "3", "signature": "1", "price": "355.00"}} ,
  {"pk": 220, "model": "colissimo.rate", "fields": {"tracking": "1", "weight": "0.5", "region": "3", "deposit": "1", "recommanded": "4", "signature": "1", "price": "14.70"}} ,
  {"pk": 221, "model": "colissimo.rate", "fields": {"tracking": "1", "weight": "1", "region": "3", "deposit": "1", "recommanded": "4", "signature": "1", "price": "19.80"}} ,
  {"pk": 222, "model": "colissimo.rate", "fields": {"tracking": "1", "weight": "2", "region": "3", "deposit": "1", "recommanded": "4", "signature": "1", "price": "31.40"}} ,
  {"pk": 223, "model": "colissimo.rate", "fields": {"tracking": "1", "weight": "3", "region": "3", "deposit": "1", "recommanded": "4", "signature": "1", "price": "43.00"}} ,
  {"pk": 224, "model": "colissimo.rate", "fields": {"tracking": "1", "weight": "4", "region": "3", "deposit": "1", "recommanded": "4", "signature": "1", "price": "54.60"}} ,
  {"pk": 225, "model": "colissimo.rate", "fields": {"tracking": "1", "weight": "5", "region": "3", "deposit": "1", "recommanded": "4", "signature": "1", "price": "66.20"}} ,
  {"pk": 226, "model": "colissimo.rate", "fields": {"tracking": "1", "weight": "6", "region": "3", "deposit": "1", "recommanded": "4", "signature": "1", "price": "77.80"}} ,
  {"pk": 227, "model": "colissimo.rate", "fields": {"tracking": "1", "weight": "7", "region": "3", "deposit": "1", "recommanded": "4", "signature": "1", "price": "89.40"}} ,
  {"pk": 228, "model": "colissimo.rate", "fields": {"tracking": "1", "weight": "8", "region": "3", "deposit": "1", "recommanded": "4", "signature": "1", "price": "101.00"}} ,
  {"pk": 229, "model": "colissimo.rate", "fields": {"tracking": "1", "weight": "9", "region": "3", "deposit": "1", "recommanded": "4", "signature": "1", "price": "112.60"}} ,
  {"pk": 230, "model": "colissimo.rate", "fields": {"tracking": "1", "weight": "10", "region": "3", "deposit": "1", "recommanded": "4", "signature": "1", "price": "124.20"}} ,
  {"pk": 231, "model": "colissimo.rate", "fields": {"tracking": "1", "weight": "15", "region": "3", "deposit": "1", "recommanded": "4", "signature": "1", "price": "182.20"}} ,
  {"pk": 232, "model": "colissimo.rate", "fields": {"tracking": "1", "weight": "20", "region": "3", "deposit": "1", "recommanded": "4", "signature": "1", "price": "240.20"}} ,
  {"pk": 233, "model": "colissimo.rate", "fields": {"tracking": "1", "weight": "25", "region": "3", "deposit": "1", "recommanded": "4", "signature": "1", "price": "298.20"}} ,
  {"pk": 234, "model": "colissimo.rate", "fields": {"tracking": "1", "weight": "30", "region": "3", "deposit": "1", "recommanded": "4", "signature": "1", "price": "356.20"}} ,
  {"pk": 235, "model": "colissimo.rate", "fields": {"tracking": "1", "weight": "0.5", "region": "3", "deposit": "1", "recommanded": "5", "signature": "1", "price": "15.90"}} ,
  {"pk": 236, "model": "colissimo.rate", "fields": {"tracking": "1", "weight": "1", "region": "3", "deposit": "1", "recommanded": "5", "signature": "1", "price": "21.00"}} ,
  {"pk": 237, "model": "colissimo.rate", "fields": {"tracking": "1", "weight": "2", "region": "3", "deposit": "1", "recommanded": "5", "signature": "1", "price": "32.60"}} ,
  {"pk": 238, "model": "colissimo.rate", "fields": {"tracking": "1", "weight": "3", "region": "3", "deposit": "1", "recommanded": "5", "signature": "1", "price": "44.20"}} ,
  {"pk": 239, "model": "colissimo.rate", "fields": {"tracking": "1", "weight": "4", "region": "3", "deposit": "1", "recommanded": "5", "signature": "1", "price": "55.80"}} ,
  {"pk": 240, "model": "colissimo.rate", "fields": {"tracking": "1", "weight": "5", "region": "3", "deposit": "1", "recommanded": "5", "signature": "1", "price": "67.40"}} ,
  {"pk": 241, "model": "colissimo.rate", "fields": {"tracking": "1", "weight": "6", "region": "3", "deposit": "1", "recommanded": "5", "signature": "1", "price": "79.00"}} ,
  {"pk": 242, "model": "colissimo.rate", "fields": {"tracking": "1", "weight": "7", "region": "3", "deposit": "1", "recommanded": "5", "signature": "1", "price": "90.60"}} ,
  {"pk": 243, "model": "colissimo.rate", "fields": {"tracking": "1", "weight": "8", "region": "3", "deposit": "1", "recommanded": "5", "signature": "1", "price": "102.20"}} ,
  {"pk": 244, "model": "colissimo.rate", "fields": {"tracking": "1", "weight": "9", "region": "3", "deposit": "1", "recommanded": "5", "signature": "1", "price": "113.80"}} ,
  {"pk": 245, "model": "colissimo.rate", "fields": {"tracking": "1", "weight": "10", "region": "3", "deposit": "1", "recommanded": "5", "signature": "1", "price": "125.40"}} ,
  {"pk": 246, "model": "colissimo.rate", "fields": {"tracking": "1", "weight": "15", "region": "3", "deposit": "1", "recommanded": "5", "signature": "1", "price": "183.40"}} ,
  {"pk": 247, "model": "colissimo.rate", "fields": {"tracking": "1", "weight": "20", "region": "3", "deposit": "1", "recommanded": "5", "signature": "1", "price": "241.40"}} ,
  {"pk": 248, "model": "colissimo.rate", "fields": {"tracking": "1", "weight": "25", "region": "3", "deposit": "1", "recommanded": "5", "signature": "1", "price": "299.40"}} ,
  {"pk": 249, "model": "colissimo.rate", "fields": {"tracking": "1", "weight": "30", "region": "3", "deposit": "1", "recommanded": "5", "signature": "1", "price": "357.40"}} ,
  {"pk": 250, "model": "colissimo.rate", "fields": {"tracking": "1", "weight": "0.5", "region": "3", "deposit": "1", "recommanded": "6", "signature": "1", "price": "17.10"}} ,
  {"pk": 251, "model": "colissimo.rate", "fields": {"tracking": "1", "weight": "1", "region": "3", "deposit": "1", "recommanded": "6", "signature": "1", "price": "22.20"}} ,
  {"pk": 252, "model": "colissimo.rate", "fields": {"tracking": "1", "weight": "2", "region": "3", "deposit": "1", "recommanded": "6", "signature": "1", "price": "33.80"}} ,
  {"pk": 253, "model": "colissimo.rate", "fields": {"tracking": "1", "weight": "3", "region": "3", "deposit": "1", "recommanded": "6", "signature": "1", "price": "45.40"}} ,
  {"pk": 254, "model": "colissimo.rate", "fields": {"tracking": "1", "weight": "4", "region": "3", "deposit": "1", "recommanded": "6", "signature": "1", "price": "57.00"}} ,
  {"pk": 255, "model": "colissimo.rate", "fields": {"tracking": "1", "weight": "5", "region": "3", "deposit": "1", "recommanded": "6", "signature": "1", "price": "68.60"}} ,
  {"pk": 256, "model": "colissimo.rate", "fields": {"tracking": "1", "weight": "6", "region": "3", "deposit": "1", "recommanded": "6", "signature": "1", "price": "80.20"}} ,
  {"pk": 257, "model": "colissimo.rate", "fields": {"tracking": "1", "weight": "7", "region": "3", "deposit": "1", "recommanded": "6", "signature": "1", "price": "91.80"}} ,
  {"pk": 258, "model": "colissimo.rate", "fields": {"tracking": "1", "weight": "8", "region": "3", "deposit": "1", "recommanded": "6", "signature": "1", "price": "103.40"}} ,
  {"pk": 259, "model": "colissimo.rate", "fields": {"tracking": "1", "weight": "9", "region": "3", "deposit": "1", "recommanded": "6", "signature": "1", "price": "115.00"}} ,
  {"pk": 260, "model": "colissimo.rate", "fields": {"tracking": "1", "weight": "10", "region": "3", "deposit": "1", "recommanded": "6", "signature": "1", "price": "126.60"}} ,
  {"pk": 261, "model": "colissimo.rate", "fields": {"tracking": "1", "weight": "15", "region": "3", "deposit": "1", "recommanded": "6", "signature": "1", "price": "184.60"}} ,
  {"pk": 262, "model": "colissimo.rate", "fields": {"tracking": "1", "weight": "20", "region": "3", "deposit": "1", "recommanded": "6", "signature": "1", "price": "242.60"}} ,
  {"pk": 263, "model": "colissimo.rate", "fields": {"tracking": "1", "weight": "25", "region": "3", "deposit": "1", "recommanded": "6", "signature": "1", "price": "300.60"}} ,
  {"pk": 264, "model": "colissimo.rate", "fields": {"tracking": "1", "weight": "30", "region": "3", "deposit": "1", "recommanded": "6", "signature": "1", "price": "358.60"}} ,
  {"pk": 265, "model": "colissimo.rate", "fields": {"tracking": "1", "weight": "1", "region": "4", "deposit": "1", "recommanded": "1", "signature": "1", "price": "16.15"}} ,
  {"pk": 266, "model": "colissimo.rate", "fields": {"tracking": "1", "weight": "2", "region": "4", "deposit": "1", "recommanded": "1", "signature": "1", "price": "17.85"}} ,
  {"pk": 267, "model": "colissimo.rate", "fields": {"tracking": "1", "weight": "3", "region": "4", "deposit": "1", "recommanded": "1", "signature": "1", "price": "21.55"}} ,
  {"pk": 268, "model": "colissimo.rate", "fields": {"tracking": "1", "weight": "4", "region": "4", "deposit": "1", "recommanded": "1", "signature": "1", "price": "25.25"}} ,
  {"pk": 269, "model": "colissimo.rate", "fields": {"tracking": "1", "weight": "5", "region": "4", "deposit": "1", "recommanded": "1", "signature": "1", "price": "28.95"}} ,
  {"pk": 270, "model": "colissimo.rate", "fields": {"tracking": "1", "weight": "6", "region": "4", "deposit": "1", "recommanded": "1", "signature": "1", "price": "32.65"}} ,
  {"pk": 271, "model": "colissimo.rate", "fields": {"tracking": "1", "weight": "7", "region": "4", "deposit": "1", "recommanded": "1", "signature": "1", "price": "36.35"}} ,
  {"pk": 272, "model": "colissimo.rate", "fields": {"tracking": "1", "weight": "8", "region": "4", "deposit": "1", "recommanded": "1", "signature": "1", "price": "40.05"}} ,
  {"pk": 273, "model": "colissimo.rate", "fields": {"tracking": "1", "weight": "9", "region": "4", "deposit": "1", "recommanded": "1", "signature": "1", "price": "43.75"}} ,
  {"pk": 274, "model": "colissimo.rate", "fields": {"tracking": "1", "weight": "10", "region": "4", "deposit": "1", "recommanded": "1", "signature": "1", "price": "47.45"}} ,
  {"pk": 275, "model": "colissimo.rate", "fields": {"tracking": "1", "weight": "15", "region": "4", "deposit": "1", "recommanded": "1", "signature": "1", "price": "54.65"}} ,
  {"pk": 276, "model": "colissimo.rate", "fields": {"tracking": "1", "weight": "20", "region": "4", "deposit": "1", "recommanded": "1", "signature": "1", "price": "61.85"}} ,
  {"pk": 277, "model": "colissimo.rate", "fields": {"tracking": "1", "weight": "25", "region": "4", "deposit": "1", "recommanded": "1", "signature": "1", "price": "69.05"}} ,
  {"pk": 278, "model": "colissimo.rate", "fields": {"tracking": "1", "weight": "30", "region": "4", "deposit": "1", "recommanded": "1", "signature": "1", "price": "76.25"}} ,
  {"pk": 279, "model": "colissimo.rate", "fields": {"tracking": "1", "weight": "1", "region": "5", "deposit": "1", "recommanded": "1", "signature": "1", "price": "19.80"}} ,
  {"pk": 280, "model": "colissimo.rate", "fields": {"tracking": "1", "weight": "2", "region": "5", "deposit": "1", "recommanded": "1", "signature": "1", "price": "21.70"}} ,
  {"pk": 281, "model": "colissimo.rate", "fields": {"tracking": "1", "weight": "3", "region": "5", "deposit": "1", "recommanded": "1", "signature": "1", "price": "26.25"}} ,
  {"pk": 282, "model": "colissimo.rate", "fields": {"tracking": "1", "weight": "4", "region": "5", "deposit": "1", "recommanded": "1", "signature": "1", "price": "30.80"}} ,
  {"pk": 283, "model": "colissimo.rate", "fields": {"tracking": "1", "weight": "5", "region": "5", "deposit": "1", "recommanded": "1", "signature": "1", "price": "35.35"}} ,
  {"pk": 284, "model": "colissimo.rate", "fields": {"tracking": "1", "weight": "6", "region": "5", "deposit": "1", "recommanded": "1", "signature": "1", "price": "39.90"}} ,
  {"pk": 285, "model": "colissimo.rate", "fields": {"tracking": "1", "weight": "7", "region": "5", "deposit": "1", "recommanded": "1", "signature": "1", "price": "44.45"}} ,
  {"pk": 286, "model": "colissimo.rate", "fields": {"tracking": "1", "weight": "8", "region": "5", "deposit": "1", "recommanded": "1", "signature": "1", "price": "49.00"}} ,
  {"pk": 287, "model": "colissimo.rate", "fields": {"tracking": "1", "weight": "9", "region": "5", "deposit": "1", "recommanded": "1", "signature": "1", "price": "53.55"}} ,
  {"pk": 288, "model": "colissimo.rate", "fields": {"tracking": "1", "weight": "10", "region": "5", "deposit": "1", "recommanded": "1", "signature": "1", "price": "58.10"}} ,
  {"pk": 289, "model": "colissimo.rate", "fields": {"tracking": "1", "weight": "15", "region": "5", "deposit": "1", "recommanded": "1", "signature": "1", "price": "68.50"}} ,
  {"pk": 290, "model": "colissimo.rate", "fields": {"tracking": "1", "weight": "20", "region": "5", "deposit": "1", "recommanded": "1", "signature": "1", "price": "78.90"}} ,
  {"pk": 291, "model": "colissimo.rate", "fields": {"tracking": "1", "weight": "1", "region": "6", "deposit": "1", "recommanded": "1", "signature": "1", "price": "23.20"}} ,
  {"pk": 292, "model": "colissimo.rate", "fields": {"tracking": "1", "weight": "2", "region": "6", "deposit": "1", "recommanded": "1", "signature": "1", "price": "31.10"}} ,
  {"pk": 293, "model": "colissimo.rate", "fields": {"tracking": "1", "weight": "3", "region": "6", "deposit": "1", "recommanded": "1", "signature": "1", "price": "40.90"}} ,
  {"pk": 294, "model": "colissimo.rate", "fields": {"tracking": "1", "weight": "4", "region": "6", "deposit": "1", "recommanded": "1", "signature": "1", "price": "50.70"}} ,
  {"pk": 295, "model": "colissimo.rate", "fields": {"tracking": "1", "weight": "5", "region": "6", "deposit": "1", "recommanded": "1", "signature": "1", "price": "60.50"}} ,
  {"pk": 296, "model": "colissimo.rate", "fields": {"tracking": "1", "weight": "6", "region": "6", "deposit": "1", "recommanded": "1", "signature": "1", "price": "70.30"}} ,
  {"pk": 297, "model": "colissimo.rate", "fields": {"tracking": "1", "weight": "7", "region": "6", "deposit": "1", "recommanded": "1", "signature": "1", "price": "80.10"}} ,
  {"pk": 298, "model": "colissimo.rate", "fields": {"tracking": "1", "weight": "8", "region": "6", "deposit": "1", "recommanded": "1", "signature": "1", "price": "89.90"}} ,
  {"pk": 299, "model": "colissimo.rate", "fields": {"tracking": "1", "weight": "9", "region": "6", "deposit": "1", "recommanded": "1", "signature": "1", "price": "99.70"}} ,
  {"pk": 300, "model": "colissimo.rate", "fields": {"tracking": "1", "weight": "10", "region": "6", "deposit": "1", "recommanded": "1", "signature": "1", "price": "109.50"}} ,
  {"pk": 301, "model": "colissimo.rate", "fields": {"tracking": "1", "weight": "15", "region": "6", "deposit": "1", "recommanded": "1", "signature": "1", "price": "133.60"}} ,
  {"pk": 302, "model": "colissimo.rate", "fields": {"tracking": "1", "weight": "20", "region": "6", "deposit": "1", "recommanded": "1", "signature": "1", "price": "157.70"}} ,
  {"pk": 303, "model": "colissimo.rate", "fields": {"tracking": "1", "weight": "1", "region": "7", "deposit": "1", "recommanded": "1", "signature": "1", "price": "26.40"}} ,
  {"pk": 304, "model": "colissimo.rate", "fields": {"tracking": "1", "weight": "2", "region": "7", "deposit": "1", "recommanded": "1", "signature": "1", "price": "39.70"}} ,
  {"pk": 305, "model": "colissimo.rate", "fields": {"tracking": "1", "weight": "3", "region": "7", "deposit": "1", "recommanded": "1", "signature": "1", "price": "52.90"}} ,
  {"pk": 306, "model": "colissimo.rate", "fields": {"tracking": "1", "weight": "4", "region": "7", "deposit": "1", "recommanded": "1", "signature": "1", "price": "66.10"}} ,
  {"pk": 307, "model": "colissimo.rate", "fields": {"tracking": "1", "weight": "5", "region": "7", "deposit": "1", "recommanded": "1", "signature": "1", "price": "79.30"}} ,
  {"pk": 308, "model": "colissimo.rate", "fields": {"tracking": "1", "weight": "6", "region": "7", "deposit": "1", "recommanded": "1", "signature": "1", "price": "92.50"}} ,
  {"pk": 309, "model": "colissimo.rate", "fields": {"tracking": "1", "weight": "7", "region": "7", "deposit": "1", "recommanded": "1", "signature": "1", "price": "105.70"}} ,
  {"pk": 310, "model": "colissimo.rate", "fields": {"tracking": "1", "weight": "8", "region": "7", "deposit": "1", "recommanded": "1", "signature": "1", "price": "118.90"}} ,
  {"pk": 311, "model": "colissimo.rate", "fields": {"tracking": "1", "weight": "9", "region": "7", "deposit": "1", "recommanded": "1", "signature": "1", "price": "132.10"}} ,
  {"pk": 312, "model": "colissimo.rate", "fields": {"tracking": "1", "weight": "10", "region": "7", "deposit": "1", "recommanded": "1", "signature": "1", "price": "145.30"}} ,
  {"pk": 313, "model": "colissimo.rate", "fields": {"tracking": "1", "weight": "15", "region": "7", "deposit": "1", "recommanded": "1", "signature": "1", "price": "171.30"}} ,
  {"pk": 314, "model": "colissimo.rate", "fields": {"tracking": "1", "weight": "20", "region": "7", "deposit": "1", "recommanded": "1", "signature": "1", "price": "197.30"}} 
]
