[

  {"pk": 1, "model": "colissimo.region", "fields": {"name": "France - Monaco - Andore"}} ,
  {"pk": 2, "model": "colissimo.region", "fields": {"name": "Outre-mer OM1"}} ,
  {"pk": 3, "model": "colissimo.region", "fields": {"name": "Outre-mer OM2"}} ,
  {"pk": 4, "model": "colissimo.region", "fields": {"name": "International Zone A"}} ,
  {"pk": 5, "model": "colissimo.region", "fields": {"name": "International Zone B"}} ,
  {"pk": 6, "model": "colissimo.region", "fields": {"name": "International Zone C"}} ,
  {"pk": 7, "model": "colissimo.region", "fields": {"name": "International Zone D"}} ,
  {"pk": 1, "model": "colissimo.recommanded", "fields": {"price": "23", "level": "R0"}} ,
  {"pk": 2, "model": "colissimo.recommanded", "fields": {"price": "50", "level": "R1"}} ,
  {"pk": 3, "model": "colissimo.recommanded", "fields": {"price": "200", "level": "R2"}} ,
  {"pk": 4, "model": "colissimo.recommanded", "fields": {"price": "400", "level": "R3"}} ,
  {"pk": 5, "model": "colissimo.recommanded", "fields": {"price": "600", "level": "R4"}} ,
  {"pk": 6, "model": "colissimo.recommanded", "fields": {"price": "800", "level": "R5"}} ,
  {"pk": 7, "model": "colissimo.recommanded", "fields": {"price": "23", "level": "ECO"}} ,
  {"pk": 1, "model": "colissimo.rate", "fields": {"tracking": "1", "weight": "0.5", "region": "1", "deposit": "1", "recommanded": "1", "signature": "0", "price": "5.55"}} ,
  {"pk": 2, "model": "colissimo.rate", "fields": {"tracking": "1", "weight": "1", "region": "1", "deposit": "1", "recommanded": "1", "signature": "0", "price": "6.80"}} ,
  {"pk": 3, "model": "colissimo.rate", "fields": {"tracking": "1", "weight": "2", "region": "1", "deposit": "1", "recommanded": "1", "signature": "0", "price": "7.75"}} ,
  {"pk": 4, "model": "colissimo.rate", "fields": {"tracking": "1", "weight": "3", "region": "1", "deposit": "1", "recommanded": "1", "signature": "0", "price": "8.70"}} ,
  {"pk": 5, "model": "colissimo.rate", "fields": {"tracking": "1", "weight": "5", "region": "1", "deposit": "1", "recommanded": "1", "signature": "0", "price": "10.60"}} ,
  {"pk": 6, "model": "colissimo.rate", "fields": {"tracking": "1", "weight": "7", "region": "1", "deposit": "1", "recommanded": "1", "signature": "0", "price": "12.50"}} ,
  {"pk": 7, "model": "colissimo.rate", "fields": {"tracking": "1", "weight": "10", "region": "1", "deposit": "1", "recommanded": "1", "signature": "0", "price": "15.35"}} ,
  {"pk": 8, "model": "colissimo.rate", "fields": {"tracking": "1", "weight": "15", "region": "1", "deposit": "1", "recommanded": "1", "signature": "0", "price": "17.45"}} ,
  {"pk": 9, "model": "colissimo.rate", "fields": {"tracking": "1", "weight": "30", "region": "1", "deposit": "1", "recommanded": "1", "signature": "0", "price": "23.75"}} ,
  {"pk": 10, "model": "colissimo.rate", "fields": {"tracking": "1", "weight": "0.5", "region": "1", "deposit": "1", "recommanded": "2", "signature": "1", "price": "7.85"}} ,
  {"pk": 11, "model": "colissimo.rate", "fields": {"tracking": "1", "weight": "1", "region": "1", "deposit": "1", "recommanded": "2", "signature": "1", "price": "9.10"}} ,
  {"pk": 12, "model": "colissimo.rate", "fields": {"tracking": "1", "weight": "2", "region": "1", "deposit": "1", "recommanded": "2", "signature": "1", "price": "10.05"}} ,
  {"pk": 13, "model": "colissimo.rate", "fields": {"tracking": "1", "weight": "3", "region": "1", "deposit": "1", "recommanded": "2", "signature": "1", "price": "11.00"}} ,
  {"pk": 14, "model": "colissimo.rate", "fields": {"tracking": "1", "weight": "5", "region": "1", "deposit": "1", "recommanded": "2", "signature": "1", "price": "12.90"}} ,
  {"pk": 15, "model": "colissimo.rate", "fields": {"tracking": "1", "weight": "7", "region": "1", "deposit": "1", "recommanded": "2", "signature": "1", "price": "14.80"}} ,
  {"pk": 16, "model": "colissimo.rate", "fields": {"tracking": "1", "weight": "10", "region": "1", "deposit": "1", "recommanded": "2", "signature": "1", "price": "17.65"}} ,
  {"pk": 17, "model": "colissimo.rate", "fields": {"tracking": "1", "weight": "15", "region": "1", "deposit": "1", "recommanded": "2", "signature": "1", "price": "19.75"}} ,
  {"pk": 18, "model": "colissimo.rate", "fields": {"tracking": "1", "weight": "30", "region": "1", "deposit": "1", "recommanded": "2", "signature": "1", "price": "26.05"}} ,
  {"pk": 19, "model": "colissimo.rate", "fields": {"tracking": "1", "weight": "0.5", "region": "1", "deposit": "1", "recommanded": "3", "signature": "1", "price": "8.75"}} ,
  {"pk": 20, "model": "colissimo.rate", "fields": {"tracking": "1", "weight": "1", "region": "1", "deposit": "1", "recommanded": "3", "signature": "1", "price": "10.00"}} ,
  {"pk": 21, "model": "colissimo.rate", "fields": {"tracking": "1", "weight": "2", "region": "1", "deposit": "1", "recommanded": "3", "signature": "1", "price": "10.95"}} ,
  {"pk": 22, "model": "colissimo.rate", "fields": {"tracking": "1", "weight": "3", "region": "1", "deposit": "1", "recommanded": "3", "signature": "1", "price": "11.90"}} ,
  {"pk": 23, "model": "colissimo.rate", "fields": {"tracking": "1", "weight": "5", "region": "1", "deposit": "1", "recommanded": "3", "signature": "1", "price": "13.80"}} ,
  {"pk": 24, "model": "colissimo.rate", "fields": {"tracking": "1", "weight": "7", "region": "1", "deposit": "1", "recommanded": "3", "signature": "1", "price": "15.70"}} ,
  {"pk": 25, "model": "colissimo.rate", "fields": {"tracking": "1", "weight": "10", "region": "1", "deposit": "1", "recommanded": "3", "signature": "1", "price": "18.55"}} ,
  {"pk": 26, "model": "colissimo.rate", "fields": {"tracking": "1", "weight": "15", "region": "1", "deposit": "1", "recommanded": "3", "signature": "1", "price": "20.65"}} ,
  {"pk": 27, "model": "colissimo.rate", "fields": {"tracking": "1", "weight": "30", "region": "1", "deposit": "1", "recommanded": "3", "signature": "1", "price": "26.95"}} ,
  {"pk": 28, "model": "colissimo.rate", "fields": {"tracking": "1", "weight": "0.5", "region": "1", "deposit": "1", "recommanded": "4", "signature": "1", "price": "9.95"}} ,
  {"pk": 29, "model": "colissimo.rate", "fields": {"tracking": "1", "weight": "1", "region": "1", "deposit": "1", "recommanded": "4", "signature": "1", "price": "11.20"}} ,
  {"pk": 30, "model": "colissimo.rate", "fields": {"tracking": "1", "weight": "2", "region": "1", "deposit": "1", "recommanded": "4", "signature": "1", "price": "12.15"}} ,
  {"pk": 31, "model": "colissimo.rate", "fields": {"tracking": "1", "weight": "3", "region": "1", "deposit": "1", "recommanded": "4", "signature": "1", "price": "13.10"}} ,
  {"pk": 32, "model": "colissimo.rate", "fields": {"tracking": "1", "weight": "5", "region": "1", "deposit": "1", "recommanded": "4", "signature": "1", "price": "15.00"}} ,
  {"pk": 33, "model": "colissimo.rate", "fields": {"tracking": "1", "weight": "7", "region": "1", "deposit": "1", "recommanded": "4", "signature": "1", "price": "16.90"}} ,
  {"pk": 34, "model": "colissimo.rate", "fields": {"tracking": "1", "weight": "10", "region": "1", "deposit": "1", "recommanded": "4", "signature": "1", "price": "19.75"}} ,
  {"pk": 35, "model": "colissimo.rate", "fields": {"tracking": "1", "weight": "15", "region": "1", "deposit": "1", "recommanded": "4", "signature": "1", "price": "21.85"}} ,
  {"pk": 36, "model": "colissimo.rate", "fields": {"tracking": "1", "weight": "30", "region": "1", "deposit": "1", "recommanded": "4", "signature": "1", "price": "28.15"}} ,
  {"pk": 37, "model": "colissimo.rate", "fields": {"tracking": "1", "weight": "0.5", "region": "1", "deposit": "1", "recommanded": "5", "signature": "1", "price": "11.15"}} ,
  {"pk": 38, "model": "colissimo.rate", "fields": {"tracking": "1", "weight": "1", "region": "1", "deposit": "1", "recommanded": "5", "signature": "1", "price": "12.40"}} ,
  {"pk": 39, "model": "colissimo.rate", "fields": {"tracking": "1", "weight": "2", "region": "1", "deposit": "1", "recommanded": "5", "signature": "1", "price": "13.35"}} ,
  {"pk": 40, "model": "colissimo.rate", "fields": {"tracking": "1", "weight": "3", "region": "1", "deposit": "1", "recommanded": "5", "signature": "1", "price": "14.30"}} ,
  {"pk": 41, "model": "colissimo.rate", "fields": {"tracking": "1", "weight": "5", "region": "1", "deposit": "1", "recommanded": "5", "signature": "1", "price": "16.20"}} ,
  {"pk": 42, "model": "colissimo.rate", "fields": {"tracking": "1", "weight": "7", "region": "1", "deposit": "1", "recommanded": "5", "signature": "1", "price": "18.10"}} ,
  {"pk": 43, "model": "colissimo.rate", "fields": {"tracking": "1", "weight": "10", "region": "1", "deposit": "1", "recommanded": "5", "signature": "1", "price": "20.95"}} ,
  {"pk": 44, "model": "colissimo.rate", "fields": {"tracking": "1", "weight": "15", "region": "1", "deposit": "1", "recommanded": "5", "signature": "1", "price": "23.05"}} ,
  {"pk": 45, "model": "colissimo.rate", "fields": {"tracking": "1", "weight": "30", "region": "1", "deposit": "1", "recommanded": "5", "signature": "1", "price": "29.35"}} ,
  {"pk": 46, "model": "colissimo.rate", "fields": {"tracking": "1", "weight": "0.5", "region": "1", "deposit": "1", "recommanded": "6", "signature": "1", "price": "12.35"}} ,
  {"pk": 47, "model": "colissimo.rate", "fields": {"tracking": "1", "weight": "1", "region": "1", "deposit": "1", "recommanded": "6", "signature": "1", "price": "13.60"}} ,
  {"pk": 48, "model": "colissimo.rate", "fields": {"tracking": "1", "weight": "2", "region": "1", "deposit": "1", "recommanded": "6", "signature": "1", "price": "14.55"}} ,
  {"pk": 49, "model": "colissimo.rate", "fields": {"tracking": "1", "weight": "3", "region": "1", "deposit": "1", "recommanded": "6", "signature": "1", "price": "15.50"}} ,
  {"pk": 50, "model": "colissimo.rate", "fields": {"tracking": "1", "weight": "5", "region": "1", "deposit": "1", "recommanded": "6", "signature": "1", "price": "17.40"}} ,
  {"pk": 51, "model": "colissimo.rate", "fields": {"tracking": "1", "weight": "7", "region": "1", "deposit": "1", "recommanded": "6", "signature": "1", "price": "19.30"}} ,
  {"pk": 52, "model": "colissimo.rate", "fields": {"tracking": "1", "weight": "10", "region": "1", "deposit": "1", "recommanded": "6", "signature": "1", "price": "22.15"}} ,
  {"pk": 53, "model": "colissimo.rate", "fields": {"tracking": "1", "weight": "15", "region": "1", "deposit": "1", "recommanded": "6", "signature": "1", "price": "24.25"}} ,
  {"pk": 54, "model": "colissimo.rate", "fields": {"tracking": "1", "weight": "30", "region": "1", "deposit": "1", "recommanded": "6", "signature": "1", "price": "30.55"}} ,
  {"pk": 55, "model": "colissimo.rate", "fields": {"tracking": "0", "weight": "0.5", "region": "2", "deposit": "1", "recommanded": "7", "signature": "0", "price": "6.90"}} ,
  {"pk": 56, "model": "colissimo.rate", "fields": {"tracking": "0", "weight": "1", "region": "2", "deposit": "1", "recommanded": "7", "signature": "0", "price": "8.80"}} ,
  {"pk": 57, "model": "colissimo.rate", "fields": {"tracking": "0", "weight": "2", "region": "2", "deposit": "1", "recommanded": "7", "signature": "0", "price": "9.80"}} ,
  {"pk": 58, "model": "colissimo.rate", "fields": {"tracking": "0", "weight": "3", "region": "2", "deposit": "1", "recommanded": "7", "signature": "0", "price": "10.80"}} ,
  {"pk": 59, "model": "colissimo.rate", "fields": {"tracking": "0", "weight": "4", "region": "2", "deposit": "1", "recommanded": "7", "signature": "0", "price": "11.80"}} ,
  {"pk": 60, "model": "colissimo.rate", "fields": {"tracking": "0", "weight": "5", "region": "2", "deposit": "1", "recommanded": "7", "signature": "0", "price": "12.80"}} ,
  {"pk": 61, "model": "colissimo.rate", "fields": {"tracking": "0", "weight": "6", "region": "2", "deposit": "1", "recommanded": "7", "signature": "0", "price": "13.80"}} ,
  {"pk": 62, "model": "colissimo.rate", "fields": {"tracking": "0", "weight": "7", "region": "2", "deposit": "1", "recommanded": "7", "signature": "0", "price": "15.35"}} ,
  {"pk": 63, "model": "colissimo.rate", "fields": {"tracking": "0", "weight": "8", "region": "2", "deposit": "1", "recommanded": "7", "signature": "0", "price": "16.90"}} ,
  {"pk": 64, "model": "colissimo.rate", "fields": {"tracking": "0", "weight": "9", "region": "2", "deposit": "1", "recommanded": "7", "signature": "0", "price": "18.45"}} ,
  {"pk": 65, "model": "colissimo.rate", "fields": {"tracking": "0", "weight": "10", "region": "2", "deposit": "1", "recommanded": "7", "signature": "0", "price": "20.00"}} ,
  {"pk": 66, "model": "colissimo.rate", "fields": {"tracking": "0", "weight": "15", "region": "2", "deposit": "1", "recommanded": "7", "signature": "0", "price": "26.00"}} ,
  {"pk": 67, "model": "colissimo.rate", "fields": {"tracking": "0", "weight": "20", "region": "2", "deposit": "1", "recommanded": "7", "signature": "0", "price": "32.00"}} ,
  {"pk": 68, "model": "colissimo.rate", "fields": {"tracking": "0", "weight": "25", "region": "2", "deposit": "1", "recommanded": "7", "signature": "0", "price": "38.00"}} ,
  {"pk": 69, "model": "colissimo.rate", "fields": {"tracking": "0", "weight": "30", "region": "2", "deposit": "1", "recommanded": "7", "signature": "0", "price": "44.00"}} ,
  {"pk": 70, "model": "colissimo.rate", "fields": {"tracking": "1", "weight": "0.5", "region": "2", "deposit": "1", "recommanded": "1", "signature": "0", "price": "8.45"}} ,
  {"pk": 71, "model": "colissimo.rate", "fields": {"tracking": "1", "weight": "1", "region": "2", "deposit": "1", "recommanded": "1", "signature": "0", "price": "12.70"}} ,
  {"pk": 72, "model": "colissimo.rate", "fields": {"tracking": "1", "weight": "2", "region": "2", "deposit": "1", "recommanded": "1", "signature": "0", "price": "17.35"}} ,
  {"pk": 73, "model": "colissimo.rate", "fields": {"tracking": "1", "weight": "3", "region": "2", "deposit": "1", "recommanded": "1", "signature": "0", "price": "22.00"}} ,
  {"pk": 74, "model": "colissimo.rate", "fields": {"tracking": "1", "weight": "4", "region": "2", "deposit": "1", "recommanded": "1", "signature": "0", "price": "26.65"}} ,
  {"pk": 75, "model": "colissimo.rate", "fields": {"tracking": "1", "weight": "5", "region": "2", "deposit": "1", "recommanded": "1", "signature": "0", "price": "31.30"}} ,
  {"pk": 76, "model": "colissimo.rate", "fields": {"tracking": "1", "weight": "6", "region": "2", "deposit": "1", "recommanded": "1", "signature": "0", "price": "35.95"}} ,
  {"pk": 77, "model": "colissimo.rate", "fields": {"tracking": "1", "weight": "7", "region": "2", "deposit": "1", "recommanded": "1", "signature": "0", "price": "40.60"}} ,
  {"pk": 78, "model": "colissimo.rate", "fields": {"tracking": "1", "weight": "8", "region": "2", "deposit": "1", "recommanded": "1", "signature": "0", "price": "45.25"}} ,
  {"pk": 79, "model": "colissimo.rate", "fields": {"tracking": "1", "weight": "9", "region": "2", "deposit": "1", "recommanded": "1", "signature": "0", "price": "49.90"}} ,
  {"pk": 80, "model": "colissimo.rate", "fields": {"tracking": "1", "weight": "10", "region": "2", "deposit": "1", "recommanded": "1", "signature": "0", "price": "54.55"}} ,
  {"pk": 81, "model": "colissimo.rate", "fields": {"tracking": "1", "weight": "15", "region": "2", "deposit": "1", "recommanded": "1", "signature": "0", "price": "77.75"}} ,
  {"pk": 82, "model": "colissimo.rate", "fields": {"tracking": "1", "weight": "20", "region": "2", "deposit": "1", "recommanded": "1", "signature": "0", "price": "100.95"}} ,
  {"pk": 83, "model": "colissimo.rate", "fields": {"tracking": "1", "weight": "25", "region": "2", "deposit": "1", "recommanded": "1", "signature": "0", "price": "124.15"}} ,
  {"pk": 84, "model": "colissimo.rate", "fields": {"tracking": "1", "weight": "30", "region": "2", "deposit": "1", "recommanded": "1", "signature": "0", "price": "147.35"}} ,
  {"pk": 85, "model": "colissimo.rate", "fields": {"tracking": "1", "weight": "0.5", "region": "2", "deposit": "1", "recommanded": "2", "signature": "1", "price": "10.75"}} ,
  {"pk": 86, "model": "colissimo.rate", "fields": {"tracking": "1", "weight": "1", "region": "2", "deposit": "1", "recommanded": "2", "signature": "1", "price": "15.00"}} ,
  {"pk": 87, "model": "colissimo.rate", "fields": {"tracking": "1", "weight": "2", "region": "2", "deposit": "1", "recommanded": "2", "signature": "1", "price": "19.65"}} ,
  {"pk": 88, "model": "colissimo.rate", "fields": {"tracking": "1", "weight": "3", "region": "2", "deposit": "1", "recommanded": "2", "signature": "1", "price": "24.30"}} ,
  {"pk": 89, "model": "colissimo.rate", "fields": {"tracking": "1", "weight": "4", "region": "2", "deposit": "1", "recommanded": "2", "signature": "1", "price": "28.95"}} ,
  {"pk": 90, "model": "colissimo.rate", "fields": {"tracking": "1", "weight": "5", "region": "2", "deposit": "1", "recommanded": "2", "signature": "1", "price": "33.60"}} ,
  {"pk": 91, "model": "colissimo.rate", "fields": {"tracking": "1", "weight": "6", "region": "2", "deposit": "1", "recommanded": "2", "signature": "1", "price": "38.25"}} ,
  {"pk": 92, "model": "colissimo.rate", "fields": {"tracking": "1", "weight": "7", "region": "2", "deposit": "1", "recommanded": "2", "signature": "1", "price": "42.90"}} ,
  {"pk": 93, "model": "colissimo.rate", "fields": {"tracking": "1", "weight": "8", "region": "2", "deposit": "1", "recommanded": "2", "signature": "1", "price": "47.55"}} ,
  {"pk": 94, "model": "colissimo.rate", "fields": {"tracking": "1", "weight": "9", "region": "2", "deposit": "1", "recommanded": "2", "signature": "1", "price": "52.20"}} ,
  {"pk": 95, "model": "colissimo.rate", "fields": {"tracking": "1", "weight": "10", "region": "2", "deposit": "1", "recommanded": "2", "signature": "1", "price": "56.85"}} ,
  {"pk": 96, "model": "colissimo.rate", "fields": {"tracking": "1", "weight": "15", "region": "2", "deposit": "1", "recommanded": "2", "signature": "1", "price": "80.05"}} ,
  {"pk": 97, "model": "colissimo.rate", "fields": {"tracking": "1", "weight": "20", "region": "2", "deposit": "1", "recommanded": "2", "signature": "1", "price": "103.25"}} ,
  {"pk": 98, "model": "colissimo.rate", "fields": {"tracking": "1", "weight": "25", "region": "2", "deposit": "1", "recommanded": "2", "signature": "1", "price": "126.45"}} ,
  {"pk": 99, "model": "colissimo.rate", "fields": {"tracking": "1", "weight": "30", "region": "2", "deposit": "1", "recommanded": "2", "signature": "1", "price": "149.65"}} ,
  {"pk": 100, "model": "colissimo.rate", "fields": {"tracking": "1", "weight": "0.5", "region": "2", "deposit": "1", "recommanded": "3", "signature": "1", "price": "11.65"}} ,
  {"pk": 101, "model": "colissimo.rate", "fields": {"tracking": "1", "weight": "1", "region": "2", "deposit": "1", "recommanded": "3", "signature": "1", "price": "15.90"}} ,
  {"pk": 102, "model": "colissimo.rate", "fields": {"tracking": "1", "weight": "2", "region": "2", "deposit": "1", "recommanded": "3", "signature": "1", "price": "20.55"}} ,
  {"pk": 103, "model": "colissimo.rate", "fields": {"tracking": "1", "weight": "3", "region": "2", "deposit": "1", "recommanded": "3", "signature": "1", "price": "25.20"}} ,
  {"pk": 104, "model": "colissimo.rate", "fields": {"tracking": "1", "weight": "4", "region": "2", "deposit": "1", "recommanded": "3", "signature": "1", "price": "29.85"}} ,
  {"pk": 105, "model": "colissimo.rate", "fields": {"tracking": "1", "weight": "5", "region": "2", "deposit": "1", "recommanded": "3", "signature": "1", "price": "34.50"}} ,
  {"pk": 106, "model": "colissimo.rate", "fields": {"tracking": "1", "weight": "6", "region": "2", "deposit": "1", "recommanded": "3", "signature": "1", "price": "39.15"}} ,
  {"pk": 107, "model": "colissimo.rate", "fields": {"tracking": "1", "weight": "7", "region": "2", "deposit": "1", "recommanded": "3", "signature": "1", "price": "43.80"}} ,
  {"pk": 108, "model": "colissimo.rate", "fields": {"tracking": "1", "weight": "8", "region": "2", "deposit": "1", "recommanded": "3", "signature": "1", "price": "48.45"}} ,
  {"pk": 109, "model": "colissimo.rate", "fields": {"tracking": "1", "weight": "9", "region": "2", "deposit": "1", "recommanded": "3", "signature": "1", "price": "53.10"}} ,
  {"pk": 110, "model": "colissimo.rate", "fields": {"tracking": "1", "weight": "10", "region": "2", "deposit": "1", "recommanded": "3", "signature": "1", "price": "57.75"}} ,
  {"pk": 111, "model": "colissimo.rate", "fields": {"tracking": "1", "weight": "15", "region": "2", "deposit": "1", "recommanded": "3", "signature": "1", "price": "80.95"}} ,
  {"pk": 112, "model": "colissimo.rate", "fields": {"tracking": "1", "weight": "20", "region": "2", "deposit": "1", "recommanded": "3", "signature": "1", "price": "104.15"}} ,
  {"pk": 113, "model": "colissimo.rate", "fields": {"tracking": "1", "weight": "25", "region": "2", "deposit": "1", "recommanded": "3", "signature": "1", "price": "127.35"}} ,
  {"pk": 114, "model": "colissimo.rate", "fields": {"tracking": "1", "weight": "30", "region": "2", "deposit": "1", "recommanded": "3", "signature": "1", "price": "150.55"}} ,
  {"pk": 115, "model": "colissimo.rate", "fields": {"tracking": "1", "weight": "0.5", "region": "2", "deposit": "1", "recommanded": "4", "signature": "1", "price": "12.85"}} ,
  {"pk": 116, "model": "colissimo.rate", "fields": {"tracking": "1", "weight": "1", "region": "2", "deposit": "1", "recommanded": "4", "signature": "1", "price": "17.10"}} ,
  {"pk": 117, "model": "colissimo.rate", "fields": {"tracking": "1", "weight": "2", "region": "2", "deposit": "1", "recommanded": "4", "signature": "1", "price": "21.75"}} ,
  {"pk": 118, "model": "colissimo.rate", "fields": {"tracking": "1", "weight": "3", "region": "2", "deposit": "1", "recommanded": "4", "signature": "1", "price": "26.40"}} ,
  {"pk": 119, "model": "colissimo.rate", "fields": {"tracking": "1", "weight": "4", "region": "2", "deposit": "1", "recommanded": "4", "signature": "1", "price": "31.05"}} ,
  {"pk": 120, "model": "colissimo.rate", "fields": {"tracking": "1", "weight": "5", "region": "2", "deposit": "1", "recommanded": "4", "signature": "1", "price": "35.70"}} ,
  {"pk": 121, "model": "colissimo.rate", "fields": {"tracking": "1", "weight": "6", "region": "2", "deposit": "1", "recommanded": "4", "signature": "1", "price": "40.35"}} ,
  {"pk": 122, "model": "colissimo.rate", "fields": {"tracking": "1", "weight": "7", "region": "2", "deposit": "1", "recommanded": "4", "signature": "1", "price": "45.00"}} ,
  {"pk": 123, "model": "colissimo.rate", "fields": {"tracking": "1", "weight": "8", "region": "2", "deposit": "1", "recommanded": "4", "signature": "1", "price": "49.65"}} ,
  {"pk": 124, "model": "colissimo.rate", "fields": {"tracking": "1", "weight": "9", "region": "2", "deposit": "1", "recommanded": "4", "signature": "1", "price": "54.30"}} ,
  {"pk": 125, "model": "colissimo.rate", "fields": {"tracking": "1", "weight": "10", "region": "2", "deposit": "1", "recommanded": "4", "signature": "1", "price": "58.95"}} ,
  {"pk": 126, "model": "colissimo.rate", "fields": {"tracking": "1", "weight": "15", "region": "2", "deposit": "1", "recommanded": "4", "signature": "1", "price": "82.15"}} ,
  {"pk": 127, "model": "colissimo.rate", "fields": {"tracking": "1", "weight": "20", "region": "2", "deposit": "1", "recommanded": "4", "signature": "1", "price": "105.35"}} ,
  {"pk": 128, "model": "colissimo.rate", "fields": {"tracking": "1", "weight": "25", "region": "2", "deposit": "1", "recommanded": "4", "signature": "1", "price": "128.55"}} ,
  {"pk": 129, "model": "colissimo.rate", "fields": {"tracking": "1", "weight": "30", "region": "2", "deposit": "1", "recommanded": "4", "signature": "1", "price": "151.75"}} ,
  {"pk": 130, "model": "colissimo.rate", "fields": {"tracking": "1", "weight": "0.5", "region": "2", "deposit": "1", "recommanded": "5", "signature": "1", "price": "14.05"}} ,
  {"pk": 131, "model": "colissimo.rate", "fields": {"tracking": "1", "weight": "1", "region": "2", "deposit": "1", "recommanded": "5", "signature": "1", "price": "18.30"}} ,
  {"pk": 132, "model": "colissimo.rate", "fields": {"tracking": "1", "weight": "2", "region": "2", "deposit": "1", "recommanded": "5", "signature": "1", "price": "22.95"}} ,
  {"pk": 133, "model": "colissimo.rate", "fields": {"tracking": "1", "weight": "3", "region": "2", "deposit": "1", "recommanded": "5", "signature": "1", "price": "27.60"}} ,
  {"pk": 134, "model": "colissimo.rate", "fields": {"tracking": "1", "weight": "4", "region": "2", "deposit": "1", "recommanded": "5", "signature": "1", "price": "32.25"}} ,
  {"pk": 135, "model": "colissimo.rate", "fields": {"tracking": "1", "weight": "5", "region": "2", "deposit": "1", "recommanded": "5", "signature": "1", "price": "36.90"}} ,
  {"pk": 136, "model": "colissimo.rate", "fields": {"tracking": "1", "weight": "6", "region": "2", "deposit": "1", "recommanded": "5", "signature": "1", "price": "41.55"}} ,
  {"pk": 137, "model": "colissimo.rate", "fields": {"tracking": "1", "weight": "7", "region": "2", "deposit": "1", "recommanded": "5", "signature": "1", "price": "46.20"}} ,
  {"pk": 138, "model": "colissimo.rate", "fields": {"tracking": "1", "weight": "8", "region": "2", "deposit": "1", "recommanded": "5", "signature": "1", "price": "50.85"}} ,
  {"pk": 139, "model": "colissimo.rate", "fields": {"tracking": "1", "weight": "9", "region": "2", "deposit": "1", "recommanded": "5", "signature": "1", "price": "55.50"}} ,
  {"pk": 140, "model": "colissimo.rate", "fields": {"tracking": "1", "weight": "10", "region": "2", "deposit": "1", "recommanded": "5", "signature": "1", "price": "60.15"}} ,
  {"pk": 141, "model": "colissimo.rate", "fields": {"tracking": "1", "weight": "15", "region": "2", "deposit": "1", "recommanded": "5", "signature": "1", "price": "83.35"}} ,
  {"pk": 142, "model": "colissimo.rate", "fields": {"tracking": "1", "weight": "20", "region": "2", "deposit": "1", "recommanded": "5", "signature": "1", "price": "106.55"}} ,
  {"pk": 143, "model": "colissimo.rate", "fields": {"tracking": "1", "weight": "25", "region": "2", "deposit": "1", "recommanded": "5", "signature": "1", "price": "129.75"}} ,
  {"pk": 144, "model": "colissimo.rate", "fields": {"tracking": "1", "weight": "30", "region": "2", "deposit": "1", "recommanded": "5", "signature": "1", "price": "152.95"}} ,
  {"pk": 145, "model": "colissimo.rate", "fields": {"tracking": "1", "weight": "0.5", "region": "2", "deposit": "1", "recommanded": "6", "signature": "1", "price": "15.25"}} ,
  {"pk": 146, "model": "colissimo.rate", "fields": {"tracking": "1", "weight": "1", "region": "2", "deposit": "1", "recommanded": "6", "signature": "1", "price": "19.50"}} ,
  {"pk": 147, "model": "colissimo.rate", "fields": {"tracking": "1", "weight": "2", "region": "2", "deposit": "1", "recommanded": "6", "signature": "1", "price": "24.15"}} ,
  {"pk": 148, "model": "colissimo.rate", "fields": {"tracking": "1", "weight": "3", "region": "2", "deposit": "1", "recommanded": "6", "signature": "1", "price": "28.80"}} ,
  {"pk": 149, "model": "colissimo.rate", "fields": {"tracking": "1", "weight": "4", "region": "2", "deposit": "1", "recommanded": "6", "signature": "1", "price": "33.45"}} ,
  {"pk": 150, "model": "colissimo.rate", "fields": {"tracking": "1", "weight": "5", "region": "2", "deposit": "1", "recommanded": "6", "signature": "1", "price": "38.10"}} ,
  {"pk": 151, "model": "colissimo.rate", "fields": {"tracking": "1", "weight": "6", "region": "2", "deposit": "1", "recommanded": "6", "signature": "1", "price": "42.75"}} ,
  {"pk": 152, "model": "colissimo.rate", "fields": {"tracking": "1", "weight": "7", "region": "2", "deposit": "1", "recommanded": "6", "signature": "1", "price": "47.40"}} ,
  {"pk": 153, "model": "colissimo.rate", "fields": {"tracking": "1", "weight": "8", "region": "2", "deposit": "1", "recommanded": "6", "signature": "1", "price": "52.05"}} ,
  {"pk": 154, "model": "colissimo.rate", "fields": {"tracking": "1", "weight": "9", "region": "2", "deposit": "1", "recommanded": "6", "signature": "1", "price": "56.70"}} ,
  {"pk": 155, "model": "colissimo.rate", "fields": {"tracking": "1", "weight": "10", "region": "2", "deposit": "1", "recommanded": "6", "signature": "1", "price": "61.35"}} ,
  {"pk": 156, "model": "colissimo.rate", "fields": {"tracking": "1", "weight": "15", "region": "2", "deposit": "1", "recommanded": "6", "signature": "1", "price": "84.55"}} ,
  {"pk": 157, "model": "colissimo.rate", "fields": {"tracking": "1", "weight": "20", "region": "2", "deposit": "1", "recommanded": "6", "signature": "1", "price": "107.75"}} ,
  {"pk": 158, "model": "colissimo.rate", "fields": {"tracking": "1", "weight": "25", "region": "2", "deposit": "1", "recommanded": "6", "signature": "1", "price": "130.95"}} ,
  {"pk": 159, "model": "colissimo.rate", "fields": {"tracking": "1", "weight": "30", "region": "2", "deposit": "1", "recommanded": "6", "signature": "1", "price": "154.15"}} ,
  {"pk": 160, "model": "colissimo.rate", "fields": {"tracking": "0", "weight": "0.5", "region": "3", "deposit": "1", "recommanded": "7", "signature": "0", "price": "9.10"}} ,
  {"pk": 161, "model": "colissimo.rate", "fields": {"tracking": "0", "weight": "1", "region": "3", "deposit": "1", "recommanded": "7", "signature": "0", "price": "11.75"}} ,
  {"pk": 162, "model": "colissimo.rate", "fields": {"tracking": "0", "weight": "2", "region": "3", "deposit": "1", "recommanded": "7", "signature": "0", "price": "19.20"}} ,
  {"pk": 163, "model": "colissimo.rate", "fields": {"tracking": "0", "weight": "3", "region": "3", "deposit": "1", "recommanded": "7", "signature": "0", "price": "26.65"}} ,
  {"pk": 164, "model": "colissimo.rate", "fields": {"tracking": "0", "weight": "4", "region": "3", "deposit": "1", "recommanded": "7", "signature": "0", "price": "34.10"}} ,
  {"pk": 165, "model": "colissimo.rate", "fields": {"tracking": "0", "weight": "5", "region": "3", "deposit": "1", "recommanded": "7", "signature": "0", "price": "41.55"}} ,
  {"pk": 166, "model": "colissimo.rate", "fields": {"tracking": "0", "weight": "6", "region": "3", "deposit": "1", "recommanded": "7", "signature": "0", "price": "49.00"}} ,
  {"pk": 167, "model": "colissimo.rate", "fields": {"tracking": "0", "weight": "7", "region": "3", "deposit": "1", "recommanded": "7", "signature": "0", "price": "56.45"}} ,
  {"pk": 168, "model": "colissimo.rate", "fields": {"tracking": "0", "weight": "8", "region": "3", "deposit": "1", "recommanded": "7", "signature": "0", "price": "63.90"}} ,
  {"pk": 169, "model": "colissimo.rate", "fields": {"tracking": "0", "weight": "9", "region": "3", "deposit": "1", "recommanded": "7", "signature": "0", "price": "71.35"}} ,
  {"pk": 170, "model": "colissimo.rate", "fields": {"tracking": "0", "weight": "10", "region": "3", "deposit": "1", "recommanded": "7", "signature": "0", "price": "78.80"}} ,
  {"pk": 171, "model": "colissimo.rate", "fields": {"tracking": "0", "weight": "15", "region": "3", "deposit": "1", "recommanded": "7", "signature": "0", "price": "125.80"}} ,
  {"pk": 172, "model": "colissimo.rate", "fields": {"tracking": "0", "weight": "20", "region": "3", "deposit": "1", "recommanded": "7", "signature": "0", "price": "172.80"}} ,
  {"pk": 173, "model": "colissimo.rate", "fields": {"tracking": "0", "weight": "25", "region": "3", "deposit": "1", "recommanded": "7", "signature": "0", "price": "219.80"}} ,
  {"pk": 174, "model": "colissimo.rate", "fields": {"tracking": "0", "weight": "30", "region": "3", "deposit": "1", "recommanded": "7", "signature": "0", "price": "266.80"}} ,
  {"pk": 175, "model": "colissimo.rate", "fields": {"tracking": "1", "weight": "0.5", "region": "3", "deposit": "1", "recommanded": "1", "signature": "0", "price": "10.10"}} ,
  {"pk": 176, "model": "colissimo.rate", "fields": {"tracking": "1", "weight": "1", "region": "3", "deposit": "1", "recommanded": "1", "signature": "0", "price": "15.20"}} ,
  {"pk": 177, "model": "colissimo.rate", "fields": {"tracking": "1", "weight": "2", "region": "3", "deposit": "1", "recommanded": "1", "signature": "0", "price": "26.80"}} ,
  {"pk": 178, "model": "colissimo.rate", "fields": {"tracking": "1", "weight": "3", "region": "3", "deposit": "1", "recommanded": "1", "signature": "0", "price": "38.40"}} ,
  {"pk": 179, "model": "colissimo.rate", "fields": {"tracking": "1", "weight": "4", "region": "3", "deposit": "1", "recommanded": "1", "signature": "0", "price": "50.00"}} ,
  {"pk": 180, "model": "colissimo.rate", "fields": {"tracking": "1", "weight": "5", "region": "3", "deposit": "1", "recommanded": "1", "signature": "0", "price": "61.60"}} ,
  {"pk": 181, "model": "colissimo.rate", "fields": {"tracking": "1", "weight": "6", "region": "3", "deposit": "1", "recommanded": "1", "signature": "0", "price": "73.20"}} ,
  {"pk": 182, "model": "colissimo.rate", "fields": {"tracking": "1", "weight": "7", "region": "3", "deposit": "1", "recommanded": "1", "signature": "0", "price": "84.80"}} ,
  {"pk": 183, "model": "colissimo.rate", "fields": {"tracking": "1", "weight": "8", "region": "3", "deposit": "1", "recommanded": "1", "signature": "0", "price": "96.40"}} ,
  {"pk": 184, "model": "colissimo.rate", "fields": {"tracking": "1", "weight": "9", "region": "3", "deposit": "1", "recommanded": "1", "signature": "0", "price": "108.00"}} ,
  {"pk": 185, "model": "colissimo.rate", "fields": {"tracking": "1", "weight": "10", "region": "3", "deposit": "1", "recommanded": "1", "signature": "0", "price": "119.60"}} ,
  {"pk": 186, "model": "colissimo.rate", "fields": {"tracking": "1", "weight": "15", "region": "3", "deposit": "1", "recommanded": "1", "signature": "0", "price": "177.60"}} ,
  {"pk": 187, "model": "colissimo.rate", "fields": {"tracking": "1", "weight": "20", "region": "3", "deposit": "1", "recommanded": "1", "signature": "0", "price": "235.60"}} ,
  {"pk": 188, "model": "colissimo.rate", "fields": {"tracking": "1", "weight": "25", "region": "3", "deposit": "1", "recommanded": "1", "signature": "0", "price": "293.60"}} ,
  {"pk": 189, "model": "colissimo.rate", "fields": {"tracking": "1", "weight": "30", "region": "3", "deposit": "1", "recommanded": "1", "signature": "0", "price": "351.60"}} ,
  {"pk": 190, "model": "colissimo.rate", "fields": {"tracking": "1", "weight": "0.5", "region": "3", "deposit": "1", "recommanded": "2", "signature": "1", "price": "12.40"}} ,
  {"pk": 191, "model": "colissimo.rate", "fields": {"tracking": "1", "weight": "1", "region": "3", "deposit": "1", "recommanded": "2", "signature": "1", "price": "17.50"}} ,
  {"pk": 192, "model": "colissimo.rate", "fields": {"tracking": "1", "weight": "2", "region": "3", "deposit": "1", "recommanded": "2", "signature": "1", "price": "29.10"}} ,
  {"pk": 193, "model": "colissimo.rate", "fields": {"tracking": "1", "weight": "3", "region": "3", "deposit": "1", "recommanded": "2", "signature": "1", "price": "40.70"}} ,
  {"pk": 194, "model": "colissimo.rate", "fields": {"tracking": "1", "weight": "4", "region": "3", "deposit": "1", "recommanded": "2", "signature": "1", "price": "52.30"}} ,
  {"pk": 195, "model": "colissimo.rate", "fields": {"tracking": "1", "weight": "5", "region": "3", "deposit": "1", "recommanded": "2", "signature": "1", "price": "63.90"}} ,
  {"pk": 196, "model": "colissimo.rate", "fields": {"tracking": "1", "weight": "6", "region": "3", "deposit": "1", "recommanded": "2", "signature": "1", "price": "75.50"}} ,
  {"pk": 197, "model": "colissimo.rate", "fields": {"tracking": "1", "weight": "7", "region": "3", "deposit": "1", "recommanded": "2", "signature": "1", "price": "87.10"}} ,
  {"pk": 198, "model": "colissimo.rate", "fields": {"tracking": "1", "weight": "8", "region": "3", "deposit": "1", "recommanded": "2", "signature": "1", "price": "98.70"}} ,
  {"pk": 199, "model": "colissimo.rate", "fields": {"tracking": "1", "weight": "9", "region": "3", "deposit": "1", "recommanded": "2", "signature": "1", "price": "110.30"}} ,
  {"pk": 200, "model": "colissimo.rate", "fields": {"tracking": "1", "weight": "10", "region": "3", "deposit": "1", "recommanded": "2", "signature": "1", "price": "121.90"}} ,
  {"pk": 201, "model": "colissimo.rate", "fields": {"tracking": "1", "weight": "15", "region": "3", "deposit": "1", "recommanded": "2", "signature": "1", "price": "179.90"}} ,
  {"pk": 202, "model": "colissimo.rate", "fields": {"tracking": "1", "weight": "20", "region": "3", "deposit": "1", "recommanded": "2", "signature": "1", "price": "237.90"}} ,
  {"pk": 203, "model": "colissimo.rate", "fields": {"tracking": "1", "weight": "25", "region": "3", "deposit": "1", "recommanded": "2", "signature": "1", "price": "295.90"}} ,
  {"pk": 204, "model": "colissimo.rate", "fields": {"tracking": "1", "weight": "30", "region": "3", "deposit": "1", "recommanded": "2", "signature": "1", "price": "353.90"}} ,
  {"pk": 205, "model": "colissimo.rate", "fields": {"tracking": "1", "weight": "0.5", "region": "3", "deposit": "1", "recommanded": "3", "signature": "1", "price": "13.30"}} ,
  {"pk": 206, "model": "colissimo.rate", "fields": {"tracking": "1", "weight": "1", "region": "3", "deposit": "1", "recommanded": "3", "signature": "1", "price": "18.40"}} ,
  {"pk": 207, "model": "colissimo.rate", "fields": {"tracking": "1", "weight": "2", "region": "3", "deposit": "1", "recommanded": "3", "signature": "1", "price": "30.00"}} ,
  {"pk": 208, "model": "colissimo.rate", "fields": {"tracking": "1", "weight": "3", "region": "3", "deposit": "1", "recommanded": "3", "signature": "1", "price": "41.60"}} ,
  {"pk": 209, "model": "colissimo.rate", "fields": {"tracking": "1", "weight": "4", "region": "3", "deposit": "1", "recommanded": "3", "signature": "1", "price": "53.20"}} ,
  {"pk": 210, "model": "colissimo.rate", "fields": {"tracking": "1", "weight": "5", "region": "3", "deposit": "1", "recommanded": "3", "signature": "1", "price": "64.80"}} ,
  {"pk": 211, "model": "colissimo.rate", "fields": {"tracking": "1", "weight": "6", "region": "3", "deposit": "1", "recommanded": "3", "signature": "1", "price": "76.40"}} ,
  {"pk": 212, "model": "colissimo.rate", "fields": {"tracking": "1", "weight": "7", "region": "3", "deposit": "1", "recommanded": "3", "signature": "1", "price": "88.00"}} ,
  {"pk": 213, "model": "colissimo.rate", "fields": {"tracking": "1", "weight": "8", "region": "3", "deposit": "1", "recommanded": "3", "signature": "1", "price": "99.60"}} ,
  {"pk": 214, "model": "colissimo.rate", "fields": {"tracking": "1", "weight": "9", "region": "3", "deposit": "1", "recommanded": "3", "signature": "1", "price": "111.20"}} ,
  {"pk": 215, "model": "colissimo.rate", "fields": {"tracking": "1", "weight": "10", "region": "3", "deposit": "1", "recommanded": "3", "signature": "1", "price": "122.80"}} ,
  {"pk": 216, "model": "colissimo.rate", "fields": {"tracking": "1", "weight": "15", "region": "3", "deposit": "1", "recommanded": "3", "signature": "1", "price": "180.80"}} ,
  {"pk": 217, "model": "colissimo.rate", "fields": {"tracking": "1", "weight": "20", "region": "3", "deposit": "1", "recommanded": "3", "signature": "1", "price": "238.80"}} ,
  {"pk": 218, "model": "colissimo.rate", "fields": {"tracking": "1", "weight": "25", "region": "3", "deposit": "1", "recommanded": "3", "signature": "1", "price": "296.80"}} ,
  {"pk": 219, "model": "colissimo.rate", "fields": {"tracking": "1", "weight": "30", "region": "3", "deposit": "1", "recommanded": "3", "signature": "1", "price": "354.80"}} ,
  {"pk": 220, "model": "colissimo.rate", "fields": {"tracking": "1", "weight": "0.5", "region": "3", "deposit": "1", "recommanded": "4", "signature": "1", "price": "14.50"}} ,
  {"pk": 221, "model": "colissimo.rate", "fields": {"tracking": "1", "weight": "1", "region": "3", "deposit": "1", "recommanded": "4", "signature": "1", "price": "19.60"}} ,
  {"pk": 222, "model": "colissimo.rate", "fields": {"tracking": "1", "weight": "2", "region": "3", "deposit": "1", "recommanded": "4", "signature": "1", "price": "31.20"}} ,
  {"pk": 223, "model": "colissimo.rate", "fields": {"tracking": "1", "weight": "3", "region": "3", "deposit": "1", "recommanded": "4", "signature": "1", "price": "42.80"}} ,
  {"pk": 224, "model": "colissimo.rate", "fields": {"tracking": "1", "weight": "4", "region": "3", "deposit": "1", "recommanded": "4", "signature": "1", "price": "54.40"}} ,
  {"pk": 225, "model": "colissimo.rate", "fields": {"tracking": "1", "weight": "5", "region": "3", "deposit": "1", "recommanded": "4", "signature": "1", "price": "66.00"}} ,
  {"pk": 226, "model": "colissimo.rate", "fields": {"tracking": "1", "weight": "6", "region": "3", "deposit": "1", "recommanded": "4", "signature": "1", "price": "77.60"}} ,
  {"pk": 227, "model": "colissimo.rate", "fields": {"tracking": "1", "weight": "7", "region": "3", "deposit": "1", "recommanded": "4", "signature": "1", "price": "89.20"}} ,
  {"pk": 228, "model": "colissimo.rate", "fields": {"tracking": "1", "weight": "8", "region": "3", "deposit": "1", "recommanded": "4", "signature": "1", "price": "100.80"}} ,
  {"pk": 229, "model": "colissimo.rate", "fields": {"tracking": "1", "weight": "9", "region": "3", "deposit": "1", "recommanded": "4", "signature": "1", "price": "112.40"}} ,
  {"pk": 230, "model": "colissimo.rate", "fields": {"tracking": "1", "weight": "10", "region": "3", "deposit": "1", "recommanded": "4", "signature": "1", "price": "124.00"}} ,
  {"pk": 231, "model": "colissimo.rate", "fields": {"tracking": "1", "weight": "15", "region": "3", "deposit": "1", "recommanded": "4", "signature": "1", "price": "182.00"}} ,
  {"pk": 232, "model": "colissimo.rate", "fields": {"tracking": "1", "weight": "20", "region": "3", "deposit": "1", "recommanded": "4", "signature": "1", "price": "234.00"}} ,
  {"pk": 233, "model": "colissimo.rate", "fields": {"tracking": "1", "weight": "25", "region": "3", "deposit": "1", "recommanded": "4", "signature": "1", "price": "298.00"}} ,
  {"pk": 234, "model": "colissimo.rate", "fields": {"tracking": "1", "weight": "30", "region": "3", "deposit": "1", "recommanded": "4", "signature": "1", "price": "356.00"}} ,
  {"pk": 235, "model": "colissimo.rate", "fields": {"tracking": "1", "weight": "0.5", "region": "3", "deposit": "1", "recommanded": "5", "signature": "1", "price": "15.70"}} ,
  {"pk": 236, "model": "colissimo.rate", "fields": {"tracking": "1", "weight": "1", "region": "3", "deposit": "1", "recommanded": "5", "signature": "1", "price": "20.80"}} ,
  {"pk": 237, "model": "colissimo.rate", "fields": {"tracking": "1", "weight": "2", "region": "3", "deposit": "1", "recommanded": "5", "signature": "1", "price": "32.40"}} ,
  {"pk": 238, "model": "colissimo.rate", "fields": {"tracking": "1", "weight": "3", "region": "3", "deposit": "1", "recommanded": "5", "signature": "1", "price": "44.00"}} ,
  {"pk": 239, "model": "colissimo.rate", "fields": {"tracking": "1", "weight": "4", "region": "3", "deposit": "1", "recommanded": "5", "signature": "1", "price": "55.60"}} ,
  {"pk": 240, "model": "colissimo.rate", "fields": {"tracking": "1", "weight": "5", "region": "3", "deposit": "1", "recommanded": "5", "signature": "1", "price": "67.20"}} ,
  {"pk": 241, "model": "colissimo.rate", "fields": {"tracking": "1", "weight": "6", "region": "3", "deposit": "1", "recommanded": "5", "signature": "1", "price": "78.80"}} ,
  {"pk": 242, "model": "colissimo.rate", "fields": {"tracking": "1", "weight": "7", "region": "3", "deposit": "1", "recommanded": "5", "signature": "1", "price": "90.40"}} ,
  {"pk": 243, "model": "colissimo.rate", "fields": {"tracking": "1", "weight": "8", "region": "3", "deposit": "1", "recommanded": "5", "signature": "1", "price": "102.00"}} ,
  {"pk": 244, "model": "colissimo.rate", "fields": {"tracking": "1", "weight": "9", "region": "3", "deposit": "1", "recommanded": "5", "signature": "1", "price": "113.60"}} ,
  {"pk": 245, "model": "colissimo.rate", "fields": {"tracking": "1", "weight": "10", "region": "3", "deposit": "1", "recommanded": "5", "signature": "1", "price": "125.20"}} ,
  {"pk": 246, "model": "colissimo.rate", "fields": {"tracking": "1", "weight": "15", "region": "3", "deposit": "1", "recommanded": "5", "signature": "1", "price": "183.20"}} ,
  {"pk": 247, "model": "colissimo.rate", "fields": {"tracking": "1", "weight": "20", "region": "3", "deposit": "1", "recommanded": "5", "signature": "1", "price": "241.20"}} ,
  {"pk": 248, "model": "colissimo.rate", "fields": {"tracking": "1", "weight": "25", "region": "3", "deposit": "1", "recommanded": "5", "signature": "1", "price": "299.20"}} ,
  {"pk": 249, "model": "colissimo.rate", "fields": {"tracking": "1", "weight": "30", "region": "3", "deposit": "1", "recommanded": "5", "signature": "1", "price": "357.20"}} ,
  {"pk": 250, "model": "colissimo.rate", "fields": {"tracking": "1", "weight": "0.5", "region": "3", "deposit": "1", "recommanded": "6", "signature": "1", "price": "16.90"}} ,
  {"pk": 251, "model": "colissimo.rate", "fields": {"tracking": "1", "weight": "1", "region": "3", "deposit": "1", "recommanded": "6", "signature": "1", "price": "22.00"}} ,
  {"pk": 252, "model": "colissimo.rate", "fields": {"tracking": "1", "weight": "2", "region": "3", "deposit": "1", "recommanded": "6", "signature": "1", "price": "33.60"}} ,
  {"pk": 253, "model": "colissimo.rate", "fields": {"tracking": "1", "weight": "3", "region": "3", "deposit": "1", "recommanded": "6", "signature": "1", "price": "45.20"}} ,
  {"pk": 254, "model": "colissimo.rate", "fields": {"tracking": "1", "weight": "4", "region": "3", "deposit": "1", "recommanded": "6", "signature": "1", "price": "56.80"}} ,
  {"pk": 255, "model": "colissimo.rate", "fields": {"tracking": "1", "weight": "5", "region": "3", "deposit": "1", "recommanded": "6", "signature": "1", "price": "68.40"}} ,
  {"pk": 256, "model": "colissimo.rate", "fields": {"tracking": "1", "weight": "6", "region": "3", "deposit": "1", "recommanded": "6", "signature": "1", "price": "80.00"}} ,
  {"pk": 257, "model": "colissimo.rate", "fields": {"tracking": "1", "weight": "7", "region": "3", "deposit": "1", "recommanded": "6", "signature": "1", "price": "91.60"}} ,
  {"pk": 258, "model": "colissimo.rate", "fields": {"tracking": "1", "weight": "8", "region": "3", "deposit": "1", "recommanded": "6", "signature": "1", "price": "103.20"}} ,
  {"pk": 259, "model": "colissimo.rate", "fields": {"tracking": "1", "weight": "9", "region": "3", "deposit": "1", "recommanded": "6", "signature": "1", "price": "114.80"}} ,
  {"pk": 260, "model": "colissimo.rate", "fields": {"tracking": "1", "weight": "10", "region": "3", "deposit": "1", "recommanded": "6", "signature": "1", "price": "126.40"}} ,
  {"pk": 261, "model": "colissimo.rate", "fields": {"tracking": "1", "weight": "15", "region": "3", "deposit": "1", "recommanded": "6", "signature": "1", "price": "184.40"}} ,
  {"pk": 262, "model": "colissimo.rate", "fields": {"tracking": "1", "weight": "20", "region": "3", "deposit": "1", "recommanded": "6", "signature": "1", "price": "242.40"}} ,
  {"pk": 263, "model": "colissimo.rate", "fields": {"tracking": "1", "weight": "25", "region": "3", "deposit": "1", "recommanded": "6", "signature": "1", "price": "300.40"}} ,
  {"pk": 264, "model": "colissimo.rate", "fields": {"tracking": "1", "weight": "30", "region": "3", "deposit": "1", "recommanded": "6", "signature": "1", "price": "358.40"}} ,
  {"pk": 265, "model": "colissimo.rate", "fields": {"tracking": "1", "weight": "1", "region": "4", "deposit": "1", "recommanded": "1", "signature": "1", "price": "16.05"}} ,
  {"pk": 266, "model": "colissimo.rate", "fields": {"tracking": "1", "weight": "2", "region": "4", "deposit": "1", "recommanded": "1", "signature": "1", "price": "17.65"}} ,
  {"pk": 267, "model": "colissimo.rate", "fields": {"tracking": "1", "weight": "3", "region": "4", "deposit": "1", "recommanded": "1", "signature": "1", "price": "21.30"}} ,
  {"pk": 268, "model": "colissimo.rate", "fields": {"tracking": "1", "weight": "4", "region": "4", "deposit": "1", "recommanded": "1", "signature": "1", "price": "24.95"}} ,
  {"pk": 269, "model": "colissimo.rate", "fields": {"tracking": "1", "weight": "5", "region": "4", "deposit": "1", "recommanded": "1", "signature": "1", "price": "28.60"}} ,
  {"pk": 270, "model": "colissimo.rate", "fields": {"tracking": "1", "weight": "6", "region": "4", "deposit": "1", "recommanded": "1", "signature": "1", "price": "32.25"}} ,
  {"pk": 271, "model": "colissimo.rate", "fields": {"tracking": "1", "weight": "7", "region": "4", "deposit": "1", "recommanded": "1", "signature": "1", "price": "35.90"}} ,
  {"pk": 272, "model": "colissimo.rate", "fields": {"tracking": "1", "weight": "8", "region": "4", "deposit": "1", "recommanded": "1", "signature": "1", "price": "39.55"}} ,
  {"pk": 273, "model": "colissimo.rate", "fields": {"tracking": "1", "weight": "9", "region": "4", "deposit": "1", "recommanded": "1", "signature": "1", "price": "43.20"}} ,
  {"pk": 274, "model": "colissimo.rate", "fields": {"tracking": "1", "weight": "10", "region": "4", "deposit": "1", "recommanded": "1", "signature": "1", "price": "46.85"}} ,
  {"pk": 275, "model": "colissimo.rate", "fields": {"tracking": "1", "weight": "15", "region": "4", "deposit": "1", "recommanded": "1", "signature": "1", "price": "53.85"}} ,
  {"pk": 276, "model": "colissimo.rate", "fields": {"tracking": "1", "weight": "20", "region": "4", "deposit": "1", "recommanded": "1", "signature": "1", "price": "60.85"}} ,
  {"pk": 277, "model": "colissimo.rate", "fields": {"tracking": "1", "weight": "25", "region": "4", "deposit": "1", "recommanded": "1", "signature": "1", "price": "67.85"}} ,
  {"pk": 278, "model": "colissimo.rate", "fields": {"tracking": "1", "weight": "30", "region": "4", "deposit": "1", "recommanded": "1", "signature": "1", "price": "74.85"}} ,
  {"pk": 279, "model": "colissimo.rate", "fields": {"tracking": "1", "weight": "1", "region": "5", "deposit": "1", "recommanded": "1", "signature": "1", "price": "19.40"}} ,
  {"pk": 280, "model": "colissimo.rate", "fields": {"tracking": "1", "weight": "2", "region": "5", "deposit": "1", "recommanded": "1", "signature": "1", "price": "21.30"}} ,
  {"pk": 281, "model": "colissimo.rate", "fields": {"tracking": "1", "weight": "3", "region": "5", "deposit": "1", "recommanded": "1", "signature": "1", "price": "25.75"}} ,
  {"pk": 282, "model": "colissimo.rate", "fields": {"tracking": "1", "weight": "4", "region": "5", "deposit": "1", "recommanded": "1", "signature": "1", "price": "30.20"}} ,
  {"pk": 283, "model": "colissimo.rate", "fields": {"tracking": "1", "weight": "5", "region": "5", "deposit": "1", "recommanded": "1", "signature": "1", "price": "34.65"}} ,
  {"pk": 284, "model": "colissimo.rate", "fields": {"tracking": "1", "weight": "6", "region": "5", "deposit": "1", "recommanded": "1", "signature": "1", "price": "39.10"}} ,
  {"pk": 285, "model": "colissimo.rate", "fields": {"tracking": "1", "weight": "7", "region": "5", "deposit": "1", "recommanded": "1", "signature": "1", "price": "43.55"}} ,
  {"pk": 286, "model": "colissimo.rate", "fields": {"tracking": "1", "weight": "8", "region": "5", "deposit": "1", "recommanded": "1", "signature": "1", "price": "48.00"}} ,
  {"pk": 287, "model": "colissimo.rate", "fields": {"tracking": "1", "weight": "9", "region": "5", "deposit": "1", "recommanded": "1", "signature": "1", "price": "52.45"}} ,
  {"pk": 288, "model": "colissimo.rate", "fields": {"tracking": "1", "weight": "10", "region": "5", "deposit": "1", "recommanded": "1", "signature": "1", "price": "56.90"}} ,
  {"pk": 289, "model": "colissimo.rate", "fields": {"tracking": "1", "weight": "15", "region": "5", "deposit": "1", "recommanded": "1", "signature": "1", "price": "67.10"}} ,
  {"pk": 290, "model": "colissimo.rate", "fields": {"tracking": "1", "weight": "20", "region": "5", "deposit": "1", "recommanded": "1", "signature": "1", "price": "77.30"}} ,
  {"pk": 291, "model": "colissimo.rate", "fields": {"tracking": "1", "weight": "1", "region": "6", "deposit": "1", "recommanded": "1", "signature": "1", "price": "22.50"}} ,
  {"pk": 292, "model": "colissimo.rate", "fields": {"tracking": "1", "weight": "2", "region": "6", "deposit": "1", "recommanded": "1", "signature": "1", "price": "30.10"}} ,
  {"pk": 293, "model": "colissimo.rate", "fields": {"tracking": "1", "weight": "3", "region": "6", "deposit": "1", "recommanded": "1", "signature": "1", "price": "39.50"}} ,
  {"pk": 294, "model": "colissimo.rate", "fields": {"tracking": "1", "weight": "4", "region": "6", "deposit": "1", "recommanded": "1", "signature": "1", "price": "48.90"}} ,
  {"pk": 295, "model": "colissimo.rate", "fields": {"tracking": "1", "weight": "5", "region": "6", "deposit": "1", "recommanded": "1", "signature": "1", "price": "58.30"}} ,
  {"pk": 296, "model": "colissimo.rate", "fields": {"tracking": "1", "weight": "6", "region": "6", "deposit": "1", "recommanded": "1", "signature": "1", "price": "67.70"}} ,
  {"pk": 297, "model": "colissimo.rate", "fields": {"tracking": "1", "weight": "7", "region": "6", "deposit": "1", "recommanded": "1", "signature": "1", "price": "77.10"}} ,
  {"pk": 298, "model": "colissimo.rate", "fields": {"tracking": "1", "weight": "8", "region": "6", "deposit": "1", "recommanded": "1", "signature": "1", "price": "86.50"}} ,
  {"pk": 299, "model": "colissimo.rate", "fields": {"tracking": "1", "weight": "9", "region": "6", "deposit": "1", "recommanded": "1", "signature": "1", "price": "95.90"}} ,
  {"pk": 300, "model": "colissimo.rate", "fields": {"tracking": "1", "weight": "10", "region": "6", "deposit": "1", "recommanded": "1", "signature": "1", "price": "105.30"}} ,
  {"pk": 301, "model": "colissimo.rate", "fields": {"tracking": "1", "weight": "15", "region": "6", "deposit": "1", "recommanded": "1", "signature": "1", "price": "128.80"}} ,
  {"pk": 302, "model": "colissimo.rate", "fields": {"tracking": "1", "weight": "20", "region": "6", "deposit": "1", "recommanded": "1", "signature": "1", "price": "152.30"}} ,
  {"pk": 303, "model": "colissimo.rate", "fields": {"tracking": "1", "weight": "1", "region": "7", "deposit": "1", "recommanded": "1", "signature": "1", "price": "25.40"}} ,
  {"pk": 304, "model": "colissimo.rate", "fields": {"tracking": "1", "weight": "2", "region": "7", "deposit": "1", "recommanded": "1", "signature": "1", "price": "38.10"}} ,
  {"pk": 305, "model": "colissimo.rate", "fields": {"tracking": "1", "weight": "3", "region": "7", "deposit": "1", "recommanded": "1", "signature": "1", "price": "50.80"}} ,
  {"pk": 306, "model": "colissimo.rate", "fields": {"tracking": "1", "weight": "4", "region": "7", "deposit": "1", "recommanded": "1", "signature": "1", "price": "63.50"}} ,
  {"pk": 307, "model": "colissimo.rate", "fields": {"tracking": "1", "weight": "5", "region": "7", "deposit": "1", "recommanded": "1", "signature": "1", "price": "76.20"}} ,
  {"pk": 308, "model": "colissimo.rate", "fields": {"tracking": "1", "weight": "6", "region": "7", "deposit": "1", "recommanded": "1", "signature": "1", "price": "88.90"}} ,
  {"pk": 309, "model": "colissimo.rate", "fields": {"tracking": "1", "weight": "7", "region": "7", "deposit": "1", "recommanded": "1", "signature": "1", "price": "101.60"}} ,
  {"pk": 310, "model": "colissimo.rate", "fields": {"tracking": "1", "weight": "8", "region": "7", "deposit": "1", "recommanded": "1", "signature": "1", "price": "114.30"}} ,
  {"pk": 311, "model": "colissimo.rate", "fields": {"tracking": "1", "weight": "9", "region": "7", "deposit": "1", "recommanded": "1", "signature": "1", "price": "127.00"}} ,
  {"pk": 312, "model": "colissimo.rate", "fields": {"tracking": "1", "weight": "10", "region": "7", "deposit": "1", "recommanded": "1", "signature": "1", "price": "139.70"}} ,
  {"pk": 313, "model": "colissimo.rate", "fields": {"tracking": "1", "weight": "15", "region": "7", "deposit": "1", "recommanded": "1", "signature": "1", "price": "164.70"}} ,
  {"pk": 314, "model": "colissimo.rate", "fields": {"tracking": "1", "weight": "20", "region": "7", "deposit": "1", "recommanded": "1", "signature": "1", "price": "189.70"}} 
]
